Name,Price,Region,Date,min_price,max_price
OYO Townhouse 120 Shushant Lok,2771,"4 OYOs in DLFPhase1,Gurgaon,Haryana","Fri, 4 Oct",₹2685,₹4026
OYO 11451 The Avenue residency,3298,"4 OYOs in DLFPhase1,Gurgaon,Haryana","Fri, 4 Oct",₹2685,₹4026
OYO 26911 Kcg Hotels Deluxe,3448,"4 OYOs in DLFPhase1,Gurgaon,Haryana","Fri, 4 Oct",₹2685,₹4026
OYO 9771 Hotel Glitz Westend Inn,3789,"4 OYOs in DLFPhase1,Gurgaon,Haryana","Fri, 4 Oct",₹2685,₹4026
OYO Townhouse 032 Galleria Market,2034,"15 OYOs in DlfCyberCity,Gurugram,Haryana","Fri, 4 Oct",₹2009,₹2644
SilverKey Executive Stays 19653 Star Mall,2173,"15 OYOs in DlfCyberCity,Gurugram,Haryana","Fri, 4 Oct",₹2009,₹2644
OYO Flagship 477 HUDA City Centre,2173,"15 OYOs in DlfCyberCity,Gurugram,Haryana","Fri, 4 Oct",₹2009,₹2644
OYO Townhouse 020 Huda Metro South City 1,2374,"15 OYOs in DlfCyberCity,Gurugram,Haryana","Fri, 4 Oct",₹2009,₹2644
OYO 13783 The Claire,2047,"15 OYOs in DlfCyberCity,Gurugram,Haryana","Fri, 4 Oct",₹2009,₹2644
Capital O 13773 Hotel The Shoba Estate Gold Suite,2068,"15 OYOs in DlfCyberCity,Gurugram,Haryana","Fri, 4 Oct",₹2009,₹2644
Capital O 37752 Silver Ark Suite,2217,"15 OYOs in DlfCyberCity,Gurugram,Haryana","Fri, 4 Oct",₹2009,₹2644
OYO 18645 Kartik Inns,2359,"15 OYOs in DlfCyberCity,Gurugram,Haryana","Fri, 4 Oct",₹2009,₹2644
OYO 45064 Doon Residency ,2185,"15 OYOs in DlfCyberCity,Gurugram,Haryana","Fri, 4 Oct",₹2009,₹2644
Capital O 4051 La Sapphire,2121,"15 OYOs in DlfCyberCity,Gurugram,Haryana","Fri, 4 Oct",₹2009,₹2644
OYO Townhouse 120 Shushant Lok,2771,"2 OYOs in HudaCityCenterMetro,Gurugram,Haryana","Fri, 4 Oct",₹2566,₹3959
OYO 11451 The Avenue residency,3298,"2 OYOs in HudaCityCenterMetro,Gurugram,Haryana","Fri, 4 Oct",₹2566,₹3959
OYO 6576 Viskon Rooms Deluxe,2726,"6 OYOs in DLFPhase1,Gurgaon,Haryana","Sat, 5 Oct",₹2566,₹3664
OYO 9934 Hotel Nirmal Niwas,2608,"6 OYOs in DLFPhase1,Gurgaon,Haryana","Sat, 5 Oct",₹2566,₹3664
OYO 1670 Cotts Villa,2859,"6 OYOs in DLFPhase1,Gurgaon,Haryana","Sat, 5 Oct",₹2566,₹3664
OYO 14845 Hotel DDR Deluxe,2911,"6 OYOs in DLFPhase1,Gurgaon,Haryana","Sat, 5 Oct",₹2566,₹3664
OYO 26911 Kcg Hotels Deluxe,3448,"6 OYOs in DLFPhase1,Gurgaon,Haryana","Sat, 5 Oct",₹2566,₹3664
OYO Townhouse 120 Shushant Lok,2211,"22 OYOs in DlfCyberCity,Gurugram,Haryana","Sat, 5 Oct",₹1870,₹2467
OYO 1007 Hotel Villa 24,2103,"22 OYOs in DlfCyberCity,Gurugram,Haryana","Sat, 5 Oct",₹1870,₹2467
OYO 5919 Hotel Rajvansh Palace,1962,"22 OYOs in DlfCyberCity,Gurugram,Haryana","Sat, 5 Oct",₹1870,₹2467
OYO 11479 Hotel Altus Residency,1954,"22 OYOs in DlfCyberCity,Gurugram,Haryana","Sat, 5 Oct",₹1870,₹2467
OYO Townhouse 062 Cyber City,1943,"22 OYOs in DlfCyberCity,Gurugram,Haryana","Sat, 5 Oct",₹1870,₹2467
OYO 532 Hotel Alpine Park,2091,"22 OYOs in DlfCyberCity,Gurugram,Haryana","Sat, 5 Oct",₹1870,₹2467
OYO 6018 Ethnic Facilities,1903,"22 OYOs in DlfCyberCity,Gurugram,Haryana","Sat, 5 Oct",₹1870,₹2467
OYO 22234 Ridge View Residency Deluxe,2012,"22 OYOs in DlfCyberCity,Gurugram,Haryana","Sat, 5 Oct",₹1870,₹2467
OYO Townhouse 027 Sector 15 Gurgaon,1962,"22 OYOs in DlfCyberCity,Gurugram,Haryana","Sat, 5 Oct",₹1870,₹2467
OYO 15526 Lime Wood Stay,1876,"22 OYOs in DlfCyberCity,Gurugram,Haryana","Sat, 5 Oct",₹1870,₹2467
Capital O 13773 Hotel The Shoba Estate Gold Suite,2035,"22 OYOs in DlfCyberCity,Gurugram,Haryana","Sat, 5 Oct",₹1870,₹2467
"OYO Townhouse 186, Sec 46, Gurgaon",2045,"22 OYOs in DlfCyberCity,Gurugram,Haryana","Sat, 5 Oct",₹1870,₹2467
OYO 13783 The Claire,2047,"22 OYOs in DlfCyberCity,Gurugram,Haryana","Sat, 5 Oct",₹1870,₹2467
OYO 45064 Doon Residency ,1920,"22 OYOs in DlfCyberCity,Gurugram,Haryana","Sat, 5 Oct",₹1870,₹2467
Capital O 37752 Silver Ark Suite,2067,"22 OYOs in DlfCyberCity,Gurugram,Haryana","Sat, 5 Oct",₹1870,₹2467
Capital O 4051 La Sapphire,2121,"22 OYOs in DlfCyberCity,Gurugram,Haryana","Sat, 5 Oct",₹1870,₹2467
OYO 11312 Aero Capital,2434,"22 OYOs in DlfCyberCity,Gurugram,Haryana","Sat, 5 Oct",₹1870,₹2467
OYO 6576 Viskon Rooms Deluxe,2726,"3 OYOs in HudaCityCenterMetro,Gurugram,Haryana","Sat, 5 Oct",₹2622,₹3730
OYO 14845 Hotel DDR Deluxe,2911,"3 OYOs in HudaCityCenterMetro,Gurugram,Haryana","Sat, 5 Oct",₹2622,₹3730
OYO 484 RTS Hotel,3546,"3 OYOs in DLFPhase1,Gurgaon,Haryana","Mon, 7 Oct",₹2717,₹3676
OYO Townhouse 001 Southcity Sohna Road,2977,"3 OYOs in DLFPhase1,Gurgaon,Haryana","Mon, 7 Oct",₹2717,₹3676
OYO 26911 Kcg Hotels Deluxe,3448,"3 OYOs in DLFPhase1,Gurgaon,Haryana","Mon, 7 Oct",₹2717,₹3676
OYO 1007 Hotel Villa 24,2254,"16 OYOs in DlfCyberCity,Gurugram,Haryana","Mon, 7 Oct",₹1910,₹2494
OYO 18693 Levante Suite,1939,"16 OYOs in DlfCyberCity,Gurugram,Haryana","Mon, 7 Oct",₹1910,₹2494
OYO Townhouse 062 Cyber City,1943,"16 OYOs in DlfCyberCity,Gurugram,Haryana","Mon, 7 Oct",₹1910,₹2494
Capital O 37752 Silver Ark,2014,"16 OYOs in DlfCyberCity,Gurugram,Haryana","Mon, 7 Oct",₹1910,₹2494
OYO Townhouse 032 Galleria Market,1924,"16 OYOs in DlfCyberCity,Gurugram,Haryana","Mon, 7 Oct",₹1910,₹2494
OYO 13783 The Claire,2047,"16 OYOs in DlfCyberCity,Gurugram,Haryana","Mon, 7 Oct",₹1910,₹2494
OYO 24421 Classic Hotel,2098,"16 OYOs in DlfCyberCity,Gurugram,Haryana","Mon, 7 Oct",₹1910,₹2494
OYO 10119 Hotel Golden Leaf,2119,"16 OYOs in DlfCyberCity,Gurugram,Haryana","Mon, 7 Oct",₹1910,₹2494
OYO 18685 Shweta Inn,2136,"16 OYOs in DlfCyberCity,Gurugram,Haryana","Mon, 7 Oct",₹1910,₹2494
OYO 14845 Hotel DDR,1912,"16 OYOs in DlfCyberCity,Gurugram,Haryana","Mon, 7 Oct",₹1910,₹2494
OYO 8967 Hotel Aeroporto,2425,"16 OYOs in DlfCyberCity,Gurugram,Haryana","Mon, 7 Oct",₹1910,₹2494
OYO 10758 Downtown Inn,1963,"16 OYOs in DlfCyberCity,Gurugram,Haryana","Mon, 7 Oct",₹1910,₹2494
Capital O 4051 La Sapphire,2121,"16 OYOs in DlfCyberCity,Gurugram,Haryana","Mon, 7 Oct",₹1910,₹2494
OYO Townhouse 001 Southcity Sohna Road,2977,"2 OYOs in HudaCityCenterMetro,Gurugram,Haryana","Mon, 7 Oct",₹2605,₹3775
OYO 6895 Hotel Cybercity Rooms & Suites,2677,"2 OYOs in HudaCityCenterMetro,Gurugram,Haryana","Mon, 7 Oct",₹2605,₹3775
OYO 2797 Hotel Shalom Residency,2899,"9 OYOs in DLFPhase1,Gurgaon,Haryana","Wed, 9 Oct",₹2605,₹3717
OYO Townhouse 120 Shushant Lok,2651,"9 OYOs in DLFPhase1,Gurgaon,Haryana","Wed, 9 Oct",₹2605,₹3717
OYO 8110 Nstay 31,2716,"9 OYOs in DLFPhase1,Gurgaon,Haryana","Wed, 9 Oct",₹2605,₹3717
OYO 9965 Aashiyana Paradise,2606,"9 OYOs in DLFPhase1,Gurgaon,Haryana","Wed, 9 Oct",₹2605,₹3717
OYO 26911 Kcg Hotels Deluxe,3448,"9 OYOs in DLFPhase1,Gurgaon,Haryana","Wed, 9 Oct",₹2605,₹3717
OYO 18693 Levante Suite,1939,"20 OYOs in DlfCyberCity,Gurugram,Haryana","Wed, 9 Oct",₹1910,₹2533
OYO 2173 Hotel 19 BVM,2151,"20 OYOs in DlfCyberCity,Gurugram,Haryana","Wed, 9 Oct",₹1910,₹2533
OYO 26811 Birdhouse Residency,1976,"20 OYOs in DlfCyberCity,Gurugram,Haryana","Wed, 9 Oct",₹1910,₹2533
Capital O 13773 Hotel The Shoba Estate Gold Suite,2068,"20 OYOs in DlfCyberCity,Gurugram,Haryana","Wed, 9 Oct",₹1910,₹2533
OYO 13783 The Claire,2047,"20 OYOs in DlfCyberCity,Gurugram,Haryana","Wed, 9 Oct",₹1910,₹2533
OYO 357 Amazing Suites Deluxe,2197,"20 OYOs in DlfCyberCity,Gurugram,Haryana","Wed, 9 Oct",₹1910,₹2533
OYO 24421 Classic Hotel,2111,"20 OYOs in DlfCyberCity,Gurugram,Haryana","Wed, 9 Oct",₹1910,₹2533
OYO 9024 Hotel M S,1941,"20 OYOs in DlfCyberCity,Gurugram,Haryana","Wed, 9 Oct",₹1910,₹2533
Capital O 37752 Silver Ark,2014,"20 OYOs in DlfCyberCity,Gurugram,Haryana","Wed, 9 Oct",₹1910,₹2533
OYO Flagship 477 HUDA City Centre,2173,"20 OYOs in DlfCyberCity,Gurugram,Haryana","Wed, 9 Oct",₹1910,₹2533
OYO Flagship 14443 Chaupal Suite,1924,"20 OYOs in DlfCyberCity,Gurugram,Haryana","Wed, 9 Oct",₹1910,₹2533
OYO 9012 Hotel Dream View,2293,"20 OYOs in DlfCyberCity,Gurugram,Haryana","Wed, 9 Oct",₹1910,₹2533
SilverKey Executive Stays 20016 Huda City Centre,2164,"20 OYOs in DlfCyberCity,Gurugram,Haryana","Wed, 9 Oct",₹1910,₹2533
OYO 22978 Larch Western Saver,1951,"20 OYOs in DlfCyberCity,Gurugram,Haryana","Wed, 9 Oct",₹1910,₹2533
Capital O 4051 La Sapphire,2155,"20 OYOs in DlfCyberCity,Gurugram,Haryana","Wed, 9 Oct",₹1910,₹2533
OYO Townhouse 120 Shushant Lok,2651,"8 OYOs in HudaCityCenterMetro,Gurugram,Haryana","Wed, 9 Oct",₹2605,₹3835
OYO 2797 Hotel Shalom Residency,2899,"8 OYOs in HudaCityCenterMetro,Gurugram,Haryana","Wed, 9 Oct",₹2605,₹3835
OYO 8110 Nstay 31,2716,"8 OYOs in HudaCityCenterMetro,Gurugram,Haryana","Wed, 9 Oct",₹2605,₹3835
OYO 9965 Aashiyana Paradise,2606,"8 OYOs in HudaCityCenterMetro,Gurugram,Haryana","Wed, 9 Oct",₹2605,₹3835
OYO 11479 Hotel Altus Residency,3634,"7 OYOs in DLFPhase1,Gurgaon,Haryana","Thu, 10 Oct",₹2575,₹3711
OYO Townhouse 120 Shushant Lok,2651,"7 OYOs in DLFPhase1,Gurgaon,Haryana","Thu, 10 Oct",₹2575,₹3711
OYO Townhouse 001 Southcity Sohna Road,2854,"7 OYOs in DLFPhase1,Gurgaon,Haryana","Thu, 10 Oct",₹2575,₹3711
OYO 9771 Hotel Glitz Westend Inn,3360,"7 OYOs in DLFPhase1,Gurgaon,Haryana","Thu, 10 Oct",₹2575,₹3711
OYO 26911 Kcg Hotels Deluxe,3019,"7 OYOs in DLFPhase1,Gurgaon,Haryana","Thu, 10 Oct",₹2575,₹3711
OYO Flagship 511 Sohna Road Omaxe Mall,2894,"7 OYOs in DLFPhase1,Gurgaon,Haryana","Thu, 10 Oct",₹2575,₹3711
OYO 18693 Levante Suite,1939,"29 OYOs in DlfCyberCity,Gurugram,Haryana","Thu, 10 Oct",₹1897,₹2544
OYO Townhouse 062 Cyber City,2023,"29 OYOs in DlfCyberCity,Gurugram,Haryana","Thu, 10 Oct",₹1897,₹2544
OYO 11524 Hotel Shubhhdeep Aashiyana,2028,"29 OYOs in DlfCyberCity,Gurugram,Haryana","Thu, 10 Oct",₹1897,₹2544
OYO 2173 Hotel 19 BVM,2117,"29 OYOs in DlfCyberCity,Gurugram,Haryana","Thu, 10 Oct",₹1897,₹2544
OYO 1007 Hotel Villa 24,2365,"29 OYOs in DlfCyberCity,Gurugram,Haryana","Thu, 10 Oct",₹1897,₹2544
SilverKey Executive Stays 20027 Cyber City,2243,"29 OYOs in DlfCyberCity,Gurugram,Haryana","Thu, 10 Oct",₹1897,₹2544
OYO 2797 Hotel Shalom Residency,2356,"29 OYOs in DlfCyberCity,Gurugram,Haryana","Thu, 10 Oct",₹1897,₹2544
OYO Townhouse 017 Huda City Center,2007,"29 OYOs in DlfCyberCity,Gurugram,Haryana","Thu, 10 Oct",₹1897,₹2544
OYO 6576 Viskon Rooms,2269,"29 OYOs in DlfCyberCity,Gurugram,Haryana","Thu, 10 Oct",₹1897,₹2544
Capital O 13773 Hotel The Shoba Estate Gold Deluxe,1897,"29 OYOs in DlfCyberCity,Gurugram,Haryana","Thu, 10 Oct",₹1897,₹2544
OYO Townhouse 032 Galleria Market,2383,"29 OYOs in DlfCyberCity,Gurugram,Haryana","Thu, 10 Oct",₹1897,₹2544
OYO Townhouse 027 Sector 15 Gurgaon Deluxe,1900,"29 OYOs in DlfCyberCity,Gurugram,Haryana","Thu, 10 Oct",₹1897,₹2544
OYO 484 RTS Hotel,2530,"29 OYOs in DlfCyberCity,Gurugram,Haryana","Thu, 10 Oct",₹1897,₹2544
OYO 13783 The Claire,2047,"29 OYOs in DlfCyberCity,Gurugram,Haryana","Thu, 10 Oct",₹1897,₹2544
OYO 10223 Hotel Clouds 21,1987,"29 OYOs in DlfCyberCity,Gurugram,Haryana","Thu, 10 Oct",₹1897,₹2544
OYO 26930 Suraj Legacy,1957,"29 OYOs in DlfCyberCity,Gurugram,Haryana","Thu, 10 Oct",₹1897,₹2544
OYO 10928 Uday Residency Deluxe,2206,"29 OYOs in DlfCyberCity,Gurugram,Haryana","Thu, 10 Oct",₹1897,₹2544
Capital O 37752 Silver Ark,2014,"29 OYOs in DlfCyberCity,Gurugram,Haryana","Thu, 10 Oct",₹1897,₹2544
Capital O 4051 La Sapphire,2121,"29 OYOs in DlfCyberCity,Gurugram,Haryana","Thu, 10 Oct",₹1897,₹2544
OYO Townhouse 120 Shushant Lok,2651,"5 OYOs in HudaCityCenterMetro,Gurugram,Haryana","Thu, 10 Oct",₹2595,₹3711
OYO Townhouse 001 Southcity Sohna Road,2854,"5 OYOs in HudaCityCenterMetro,Gurugram,Haryana","Thu, 10 Oct",₹2595,₹3711
OYO 11479 Hotel Altus Residency,3634,"5 OYOs in HudaCityCenterMetro,Gurugram,Haryana","Thu, 10 Oct",₹2595,₹3711
OYO Flagship 511 Sohna Road Omaxe Mall,2894,"5 OYOs in HudaCityCenterMetro,Gurugram,Haryana","Thu, 10 Oct",₹2595,₹3711
OYO 1007 Hotel Villa 24,2832,"12 OYOs in DLFPhase1,Gurgaon,Haryana","Fri, 11 Oct",₹2587,₹3753
OYO 17035 Arkaya,2824,"12 OYOs in DLFPhase1,Gurgaon,Haryana","Fri, 11 Oct",₹2587,₹3753
OYO 26977 Royal Tulip,2779,"12 OYOs in DLFPhase1,Gurgaon,Haryana","Fri, 11 Oct",₹2587,₹3753
OYO 9934 Hotel Nirmal Niwas,2971,"12 OYOs in DLFPhase1,Gurgaon,Haryana","Fri, 11 Oct",₹2587,₹3753
OYO Townhouse 027 Sector 15 Gurgaon,2982,"12 OYOs in DLFPhase1,Gurgaon,Haryana","Fri, 11 Oct",₹2587,₹3753
Collection O 30094 Behind Tivoli Chhatarpur,2614,"12 OYOs in DLFPhase1,Gurgaon,Haryana","Fri, 11 Oct",₹2587,₹3753
OYO 26911 Kcg Hotels Deluxe,3019,"12 OYOs in DLFPhase1,Gurgaon,Haryana","Fri, 11 Oct",₹2587,₹3753
OYO 10584 Hotel Just Stay,2219,"24 OYOs in DlfCyberCity,Gurugram,Haryana","Fri, 11 Oct",₹1878,₹2554
OYO 6576 Viskon Rooms Deluxe,1948,"24 OYOs in DlfCyberCity,Gurugram,Haryana","Fri, 11 Oct",₹1878,₹2554
OYO Townhouse 020 Huda Metro South City 1,2108,"24 OYOs in DlfCyberCity,Gurugram,Haryana","Fri, 11 Oct",₹1878,₹2554
OYO 28670 Hotel Dev Palace,2084,"24 OYOs in DlfCyberCity,Gurugram,Haryana","Fri, 11 Oct",₹1878,₹2554
OYO Townhouse 017 Huda City Center,2387,"24 OYOs in DlfCyberCity,Gurugram,Haryana","Fri, 11 Oct",₹1878,₹2554
OYO 5528 DLF Phase 4,1912,"24 OYOs in DlfCyberCity,Gurugram,Haryana","Fri, 11 Oct",₹1878,₹2554
Capital O 37752 Silver Ark,2014,"24 OYOs in DlfCyberCity,Gurugram,Haryana","Fri, 11 Oct",₹1878,₹2554
OYO 12673 Hotel Diplomat Regency,1941,"24 OYOs in DlfCyberCity,Gurugram,Haryana","Fri, 11 Oct",₹1878,₹2554
OYO 13783 The Claire,2047,"24 OYOs in DlfCyberCity,Gurugram,Haryana","Fri, 11 Oct",₹1878,₹2554
Collection O 30086 Dwarka Sector 9,2293,"24 OYOs in DlfCyberCity,Gurugram,Haryana","Fri, 11 Oct",₹1878,₹2554
OYO Townhouse 018 Medanta,1999,"24 OYOs in DlfCyberCity,Gurugram,Haryana","Fri, 11 Oct",₹1878,₹2554
OYO 9012 Hotel Dream View,2512,"24 OYOs in DlfCyberCity,Gurugram,Haryana","Fri, 11 Oct",₹1878,₹2554
OYO 30421 Indelible Dilli Deluxe,2281,"24 OYOs in DlfCyberCity,Gurugram,Haryana","Fri, 11 Oct",₹1878,₹2554
Capital O 4051 La Sapphire,2121,"24 OYOs in DlfCyberCity,Gurugram,Haryana","Fri, 11 Oct",₹1878,₹2554
OYO 29376 Hotel Red Diamond Saver,2410,"24 OYOs in DlfCyberCity,Gurugram,Haryana","Fri, 11 Oct",₹1878,₹2554
OYO 1007 Hotel Villa 24,2832,"10 OYOs in HudaCityCenterMetro,Gurugram,Haryana","Fri, 11 Oct",₹2566,₹3777
OYO 9934 Hotel Nirmal Niwas,2971,"10 OYOs in HudaCityCenterMetro,Gurugram,Haryana","Fri, 11 Oct",₹2566,₹3777
OYO 17035 Arkaya,2824,"10 OYOs in HudaCityCenterMetro,Gurugram,Haryana","Fri, 11 Oct",₹2566,₹3777
OYO 26977 Royal Tulip,2779,"10 OYOs in HudaCityCenterMetro,Gurugram,Haryana","Fri, 11 Oct",₹2566,₹3777
OYO 29376 Hotel Red Diamond,2584,"10 OYOs in HudaCityCenterMetro,Gurugram,Haryana","Fri, 11 Oct",₹2566,₹3777
OYO Townhouse 027 Sector 15 Gurgaon,2982,"10 OYOs in HudaCityCenterMetro,Gurugram,Haryana","Fri, 11 Oct",₹2566,₹3777
OYO 9987 Zap Stays,3074,"10 OYOs in HudaCityCenterMetro,Gurugram,Haryana","Fri, 11 Oct",₹2566,₹3777
OYO 11479 Hotel Altus Residency,3010,"14 OYOs in DLFPhase1,Gurgaon,Haryana","Sat, 12 Oct",₹2589,₹3681
OYO 9381 DLF Cyber City,2595,"14 OYOs in DLFPhase1,Gurgaon,Haryana","Sat, 12 Oct",₹2589,₹3681
OYO 22234 Ridge View Residency,2799,"14 OYOs in DLFPhase1,Gurgaon,Haryana","Sat, 12 Oct",₹2589,₹3681
SilverKey Executive Stays 19653 Star Mall,3163,"14 OYOs in DLFPhase1,Gurgaon,Haryana","Sat, 12 Oct",₹2589,₹3681
OYO 26911 Kcg Hotels Deluxe,3019,"14 OYOs in DLFPhase1,Gurgaon,Haryana","Sat, 12 Oct",₹2589,₹3681
OYO 18693 Levante Deluxe,2017,"29 OYOs in DlfCyberCity,Gurugram,Haryana","Sat, 12 Oct",₹1920,₹2540
OYO 11524 Hotel Shubhhdeep Aashiyana,2413,"29 OYOs in DlfCyberCity,Gurugram,Haryana","Sat, 12 Oct",₹1920,₹2540
OYO 6018 Ethnic Facilities,2275,"29 OYOs in DlfCyberCity,Gurugram,Haryana","Sat, 12 Oct",₹1920,₹2540
OYO 9587 The Signature,2427,"29 OYOs in DlfCyberCity,Gurugram,Haryana","Sat, 12 Oct",₹1920,₹2540
Capital O 37752 Silver Ark,2014,"29 OYOs in DlfCyberCity,Gurugram,Haryana","Sat, 12 Oct",₹1920,₹2540
Capital O 14481 Hotel Urban Inn Deluxe,2386,"29 OYOs in DlfCyberCity,Gurugram,Haryana","Sat, 12 Oct",₹1920,₹2540
OYO 10171 Hotel Comfort Stay,2201,"29 OYOs in DlfCyberCity,Gurugram,Haryana","Sat, 12 Oct",₹1920,₹2540
OYO 10889 Elite Residency,2228,"29 OYOs in DlfCyberCity,Gurugram,Haryana","Sat, 12 Oct",₹1920,₹2540
OYO 23368 Boutique Hotel Paragon Deluxe,2076,"29 OYOs in DlfCyberCity,Gurugram,Haryana","Sat, 12 Oct",₹1920,₹2540
OYO 9994 Springs Homes,2131,"29 OYOs in DlfCyberCity,Gurugram,Haryana","Sat, 12 Oct",₹1920,₹2540
OYO 11911 Go rooms,2227,"29 OYOs in DlfCyberCity,Gurugram,Haryana","Sat, 12 Oct",₹1920,₹2540
OYO 11606 The Olive,2137,"29 OYOs in DlfCyberCity,Gurugram,Haryana","Sat, 12 Oct",₹1920,₹2540
SilverKey Executive Stays 19653 Star Mall,3163,"13 OYOs in HudaCityCenterMetro,Gurugram,Haryana","Sat, 12 Oct",₹2569,₹3797
OYO 22234 Ridge View Residency,2799,"13 OYOs in HudaCityCenterMetro,Gurugram,Haryana","Sat, 12 Oct",₹2569,₹3797
OYO 11479 Hotel Altus Residency,3010,"13 OYOs in HudaCityCenterMetro,Gurugram,Haryana","Sat, 12 Oct",₹2569,₹3797
OYO 9381 DLF Cyber City,2595,"13 OYOs in HudaCityCenterMetro,Gurugram,Haryana","Sat, 12 Oct",₹2569,₹3797
OYO Townhouse 120 Shushant Lok,2827,"4 OYOs in DLFPhase1,Gurgaon,Haryana","Sun, 13 Oct",₹2600,₹3708
OYO 26911 Kcg Hotels Deluxe,3019,"4 OYOs in DLFPhase1,Gurgaon,Haryana","Sun, 13 Oct",₹2600,₹3708
OYO Townhouse 044 Sector 14 Gurugram,2021,"19 OYOs in DlfCyberCity,Gurugram,Haryana","Sun, 13 Oct",₹1890,₹2511
OYO Townhouse 179 Daffodils Sector 52,1954,"19 OYOs in DlfCyberCity,Gurugram,Haryana","Sun, 13 Oct",₹1890,₹2511
OYO Townhouse 020 Huda Metro South City 1,1967,"19 OYOs in DlfCyberCity,Gurugram,Haryana","Sun, 13 Oct",₹1890,₹2511
OYO 22234 Ridge View Residency,1956,"19 OYOs in DlfCyberCity,Gurugram,Haryana","Sun, 13 Oct",₹1890,₹2511
Capital O 13783 The Claire,2047,"19 OYOs in DlfCyberCity,Gurugram,Haryana","Sun, 13 Oct",₹1890,₹2511
OYO 10223 Hotel Clouds 21,2291,"19 OYOs in DlfCyberCity,Gurugram,Haryana","Sun, 13 Oct",₹1890,₹2511
OYO Townhouse 027 Sector 15 Gurgaon,2359,"19 OYOs in DlfCyberCity,Gurugram,Haryana","Sun, 13 Oct",₹1890,₹2511
OYO 9994 Springs Homes,2044,"19 OYOs in DlfCyberCity,Gurugram,Haryana","Sun, 13 Oct",₹1890,₹2511
Capital O 37752 Silver Ark,2014,"19 OYOs in DlfCyberCity,Gurugram,Haryana","Sun, 13 Oct",₹1890,₹2511
OYO Townhouse 120 Shushant Lok,2827,"3 OYOs in HudaCityCenterMetro,Gurugram,Haryana","Sun, 13 Oct",₹2605,₹3797
OYO 26911 Kcg Hotels Deluxe,3019,"4 OYOs in DLFPhase1,Gurgaon,Haryana","Mon, 14 Oct",₹2585,₹3708
OYO 8927 US Executive Suites,3004,"4 OYOs in DLFPhase1,Gurgaon,Haryana","Mon, 14 Oct",₹2585,₹3708
OYO 18693 Levante Suite,1939,"24 OYOs in DlfCyberCity,Gurugram,Haryana","Mon, 14 Oct",₹1870,₹2511
OYO Townhouse 062 Cyber City,2451,"24 OYOs in DlfCyberCity,Gurugram,Haryana","Mon, 14 Oct",₹1870,₹2511
OYO 2797 Hotel Shalom Residency,2218,"24 OYOs in DlfCyberCity,Gurugram,Haryana","Mon, 14 Oct",₹1870,₹2511
OYO Townhouse 101 Golf Course Road,2483,"24 OYOs in DlfCyberCity,Gurugram,Haryana","Mon, 14 Oct",₹1870,₹2511
Capital O 37752 Silver Ark,2014,"24 OYOs in DlfCyberCity,Gurugram,Haryana","Mon, 14 Oct",₹1870,₹2511
OYO 14408 Corple Stays,2050,"24 OYOs in DlfCyberCity,Gurugram,Haryana","Mon, 14 Oct",₹1870,₹2511
OYO 6018 Ethnic Facilities,2308,"24 OYOs in DlfCyberCity,Gurugram,Haryana","Mon, 14 Oct",₹1870,₹2511
OYO Townhouse 020 Huda Metro South City 1,2111,"24 OYOs in DlfCyberCity,Gurugram,Haryana","Mon, 14 Oct",₹1870,₹2511
Capital O 13783 The Claire,2047,"24 OYOs in DlfCyberCity,Gurugram,Haryana","Mon, 14 Oct",₹1870,₹2511
Capital O 14481 Hotel Urban Inn Deluxe,2364,"24 OYOs in DlfCyberCity,Gurugram,Haryana","Mon, 14 Oct",₹1870,₹2511
OYO Townhouse 027 Sector 15 Gurgaon,2446,"24 OYOs in DlfCyberCity,Gurugram,Haryana","Mon, 14 Oct",₹1870,₹2511
OYO Townhouse 032 Galleria Market,2388,"24 OYOs in DlfCyberCity,Gurugram,Haryana","Mon, 14 Oct",₹1870,₹2511
SilverKey Executive Stays 20016 Huda City Centre,1981,"24 OYOs in DlfCyberCity,Gurugram,Haryana","Mon, 14 Oct",₹1870,₹2511
OYO 23466 Hotel Planet Deluxe,2226,"24 OYOs in DlfCyberCity,Gurugram,Haryana","Mon, 14 Oct",₹1870,₹2511
OYO 13867 The Hotel AM-Bliss Deluxe,1912,"24 OYOs in DlfCyberCity,Gurugram,Haryana","Mon, 14 Oct",₹1870,₹2511
OYO 8927 US Executive Suites,3004,"3 OYOs in HudaCityCenterMetro,Gurugram,Haryana","Mon, 14 Oct",₹2585,₹3841
OYO 6895 Hotel Cybercity Rooms & Suites,2620,"7 OYOs in DLFPhase1,Gurgaon,Haryana","Tue, 15 Oct",₹2593,₹3733
OYO 1007 Hotel Villa 24,2598,"7 OYOs in DLFPhase1,Gurgaon,Haryana","Tue, 15 Oct",₹2593,₹3733
OYO 484 RTS Hotel,3651,"7 OYOs in DLFPhase1,Gurgaon,Haryana","Tue, 15 Oct",₹2593,₹3733
OYO 17035 Arkaya Deluxe,2779,"7 OYOs in DLFPhase1,Gurgaon,Haryana","Tue, 15 Oct",₹2593,₹3733
OYO 26911 Kcg Hotels Deluxe,3019,"7 OYOs in DLFPhase1,Gurgaon,Haryana","Tue, 15 Oct",₹2593,₹3733
OYO 18693 Levante Suite,1939,"24 OYOs in DlfCyberCity,Gurugram,Haryana","Tue, 15 Oct",₹1888,₹2527
OYO Townhouse 062 Cyber City,1943,"24 OYOs in DlfCyberCity,Gurugram,Haryana","Tue, 15 Oct",₹1888,₹2527
OYO Townhouse 101 Golf Course Road,2369,"24 OYOs in DlfCyberCity,Gurugram,Haryana","Tue, 15 Oct",₹1888,₹2527
Capital O 13773 Hotel The Shoba Estate Gold Suite,2168,"24 OYOs in DlfCyberCity,Gurugram,Haryana","Tue, 15 Oct",₹1888,₹2527
OYO 29376 Hotel Red Diamond,2149,"24 OYOs in DlfCyberCity,Gurugram,Haryana","Tue, 15 Oct",₹1888,₹2527
OYO Townhouse 020 Huda Metro South City 1,2015,"24 OYOs in DlfCyberCity,Gurugram,Haryana","Tue, 15 Oct",₹1888,₹2527
OYO Townhouse 017 Huda City Center,2248,"24 OYOs in DlfCyberCity,Gurugram,Haryana","Tue, 15 Oct",₹1888,₹2527
OYO 9299 DLF Phase 4,2108,"24 OYOs in DlfCyberCity,Gurugram,Haryana","Tue, 15 Oct",₹1888,₹2527
OYO Townhouse 032 Galleria Market,2241,"24 OYOs in DlfCyberCity,Gurugram,Haryana","Tue, 15 Oct",₹1888,₹2527
OYO 10223 Hotel Clouds 21,1954,"24 OYOs in DlfCyberCity,Gurugram,Haryana","Tue, 15 Oct",₹1888,₹2527
Capital O 13783 The Claire,2047,"24 OYOs in DlfCyberCity,Gurugram,Haryana","Tue, 15 Oct",₹1888,₹2527
OYO 5528 DLF Phase 4,2465,"24 OYOs in DlfCyberCity,Gurugram,Haryana","Tue, 15 Oct",₹1888,₹2527
OYO 23466 Hotel Planet,1962,"24 OYOs in DlfCyberCity,Gurugram,Haryana","Tue, 15 Oct",₹1888,₹2527
OYO 17035 Arkaya,2524,"24 OYOs in DlfCyberCity,Gurugram,Haryana","Tue, 15 Oct",₹1888,₹2527
OYO 13867 The Hotel AM-Bliss Deluxe,1912,"24 OYOs in DlfCyberCity,Gurugram,Haryana","Tue, 15 Oct",₹1888,₹2527
Capital O 4051 La Sapphire,2121,"24 OYOs in DlfCyberCity,Gurugram,Haryana","Tue, 15 Oct",₹1888,₹2527
OYO 1007 Hotel Villa 24,2598,"5 OYOs in HudaCityCenterMetro,Gurugram,Haryana","Tue, 15 Oct",₹2593,₹3824
OYO 6895 Hotel Cybercity Rooms & Suites,2620,"5 OYOs in HudaCityCenterMetro,Gurugram,Haryana","Tue, 15 Oct",₹2593,₹3824
OYO 17035 Arkaya Deluxe,2779,"5 OYOs in HudaCityCenterMetro,Gurugram,Haryana","Tue, 15 Oct",₹2593,₹3824
OYO 8927 US Executive Suites,2632,"5 OYOs in DLFPhase1,Gurgaon,Haryana","Wed, 16 Oct",₹2596,₹3698
OYO 17035 Arkaya Deluxe,2784,"5 OYOs in DLFPhase1,Gurgaon,Haryana","Wed, 16 Oct",₹2596,₹3698
OYO 26911 Kcg Hotels Deluxe,3019,"5 OYOs in DLFPhase1,Gurgaon,Haryana","Wed, 16 Oct",₹2596,₹3698
OYO 18693 Levante Suite,1939,"257 OYOs in DlfCyberCity,Gurugram,Haryana","Wed, 16 Oct",₹1893,₹2523
OYO 2173 Hotel 19 BVM,2038,"257 OYOs in DlfCyberCity,Gurugram,Haryana","Wed, 16 Oct",₹1893,₹2523
OYO 11479 Hotel Altus Residency,2063,"257 OYOs in DlfCyberCity,Gurugram,Haryana","Wed, 16 Oct",₹1893,₹2523
SilverKey Executive Stays 20036 Akash Neem Marg,2164,"257 OYOs in DlfCyberCity,Gurugram,Haryana","Wed, 16 Oct",₹1893,₹2523
OYO 27674 Dhairya Residency Deluxe,2445,"257 OYOs in DlfCyberCity,Gurugram,Haryana","Wed, 16 Oct",₹1893,₹2523
Capital O 44230 Casa Haven Deluxe,2380,"257 OYOs in DlfCyberCity,Gurugram,Haryana","Wed, 16 Oct",₹1893,₹2523
OYO Townhouse 062 Cyber City,1943,"257 OYOs in DlfCyberCity,Gurugram,Haryana","Wed, 16 Oct",₹1893,₹2523
OYO Townhouse 032 Galleria Market,2401,"257 OYOs in DlfCyberCity,Gurugram,Haryana","Wed, 16 Oct",₹1893,₹2523
OYO Townhouse 020 Huda Metro South City 1,1930,"257 OYOs in DlfCyberCity,Gurugram,Haryana","Wed, 16 Oct",₹1893,₹2523
Capital O 13773 Hotel The Shoba Estate Gold Deluxe,2005,"257 OYOs in DlfCyberCity,Gurugram,Haryana","Wed, 16 Oct",₹1893,₹2523
OYO Townhouse 017 Huda City Center,1913,"257 OYOs in DlfCyberCity,Gurugram,Haryana","Wed, 16 Oct",₹1893,₹2523
OYO Townhouse 027 Sector 15 Gurgaon,1944,"257 OYOs in DlfCyberCity,Gurugram,Haryana","Wed, 16 Oct",₹1893,₹2523
Capital O 13783 The Claire,2047,"257 OYOs in DlfCyberCity,Gurugram,Haryana","Wed, 16 Oct",₹1893,₹2523
OYO 9299 DLF Phase 4,2108,"257 OYOs in DlfCyberCity,Gurugram,Haryana","Wed, 16 Oct",₹1893,₹2523
"OYO 11380 B284, sushant lok 1",2410,"257 OYOs in DlfCyberCity,Gurugram,Haryana","Wed, 16 Oct",₹1893,₹2523
Capital O 445 Impress Hotel,2075,"257 OYOs in DlfCyberCity,Gurugram,Haryana","Wed, 16 Oct",₹1893,₹2523
SilverKey Executive Stays 20016 Huda City Centre,2104,"257 OYOs in DlfCyberCity,Gurugram,Haryana","Wed, 16 Oct",₹1893,₹2523
Capital O 444 Hotel Venus Deluxe,1915,"257 OYOs in DlfCyberCity,Gurugram,Haryana","Wed, 16 Oct",₹1893,₹2523
OYO 35999 Jai Palace,1972,"257 OYOs in DlfCyberCity,Gurugram,Haryana","Wed, 16 Oct",₹1893,₹2523
SPOT ON 62823 Aayansh Palace SPOT,2410,"257 OYOs in DlfCyberCity,Gurugram,Haryana","Wed, 16 Oct",₹1893,₹2523
OYO 17035 Arkaya Deluxe,2784,"8 OYOs in HudaCityCenterMetro,Gurugram,Haryana","Wed, 16 Oct",₹2635,₹3806
Capital O 38563 Hotel Marquis Suite,3648,"8 OYOs in HudaCityCenterMetro,Gurugram,Haryana","Wed, 16 Oct",₹2635,₹3806
OYO Townhouse 003 Sohna Road,2898,"8 OYOs in HudaCityCenterMetro,Gurugram,Haryana","Wed, 16 Oct",₹2635,₹3806
OYO 1751 Hotel Jukaso IT Suites,3573,"8 OYOs in HudaCityCenterMetro,Gurugram,Haryana","Wed, 16 Oct",₹2635,₹3806
OYO 6293 Monarch Residency,2690,"8 OYOs in HudaCityCenterMetro,Gurugram,Haryana","Wed, 16 Oct",₹2635,₹3806
Capital O 44230 Casa Haven Deluxe,2983,"4 OYOs in DLFPhase1,Gurgaon,Haryana","Thu, 17 Oct",₹2585,₹3701
OYO 26911 Kcg Hotels Deluxe,3448,"4 OYOs in DLFPhase1,Gurgaon,Haryana","Thu, 17 Oct",₹2585,₹3701
OYO 9771 Hotel Glitz Westend Inn,3409,"4 OYOs in DLFPhase1,Gurgaon,Haryana","Thu, 17 Oct",₹2585,₹3701
OYO 18693 Levante Suite,1939,"262 OYOs in DlfCyberCity,Gurugram,Haryana","Thu, 17 Oct",₹1895,₹2563
OYO 11479 Hotel Altus Residency,2301,"262 OYOs in DlfCyberCity,Gurugram,Haryana","Thu, 17 Oct",₹1895,₹2563
OYO 1007 Hotel Villa 24,2412,"262 OYOs in DlfCyberCity,Gurugram,Haryana","Thu, 17 Oct",₹1895,₹2563
OYO 22234 Ridge View Residency Deluxe,1984,"262 OYOs in DlfCyberCity,Gurugram,Haryana","Thu, 17 Oct",₹1895,₹2563
OYO 15526 Lime Wood Stay Suite,2236,"262 OYOs in DlfCyberCity,Gurugram,Haryana","Thu, 17 Oct",₹1895,₹2563
Capital O 13773 Hotel The Shoba Estate Gold Deluxe,2085,"262 OYOs in DlfCyberCity,Gurugram,Haryana","Thu, 17 Oct",₹1895,₹2563
OYO 46157 Hotel Zara International Deluxe,2138,"262 OYOs in DlfCyberCity,Gurugram,Haryana","Thu, 17 Oct",₹1895,₹2563
OYO Townhouse 044 Sector 14 Gurugram,2188,"262 OYOs in DlfCyberCity,Gurugram,Haryana","Thu, 17 Oct",₹1895,₹2563
"OYO 11380 B284, sushant lok 1",2410,"262 OYOs in DlfCyberCity,Gurugram,Haryana","Thu, 17 Oct",₹1895,₹2563
Capital O 13783 The Claire Deluxe,2036,"262 OYOs in DlfCyberCity,Gurugram,Haryana","Thu, 17 Oct",₹1895,₹2563
"OYO Townhouse 083 Sector 38, Gurgaon",1927,"262 OYOs in DlfCyberCity,Gurugram,Haryana","Thu, 17 Oct",₹1895,₹2563
OYO 484 RTS Hotel,2072,"262 OYOs in DlfCyberCity,Gurugram,Haryana","Thu, 17 Oct",₹1895,₹2563
Capital O 444 Hotel Venus,2113,"262 OYOs in DlfCyberCity,Gurugram,Haryana","Thu, 17 Oct",₹1895,₹2563
OYO 16953 The Grace Residency,2046,"262 OYOs in DlfCyberCity,Gurugram,Haryana","Thu, 17 Oct",₹1895,₹2563
OYO 17035 Arkaya Deluxe,1929,"262 OYOs in DlfCyberCity,Gurugram,Haryana","Thu, 17 Oct",₹1895,₹2563
OYO 12138 Hotel Galaxy,2410,"262 OYOs in DlfCyberCity,Gurugram,Haryana","Thu, 17 Oct",₹1895,₹2563
Capital O 4051 La Sapphire,2121,"262 OYOs in DlfCyberCity,Gurugram,Haryana","Thu, 17 Oct",₹1895,₹2563
OYO 11382 Go Rooms,2410,"262 OYOs in DlfCyberCity,Gurugram,Haryana","Thu, 17 Oct",₹1895,₹2563
Capital O 11690 M Suites Deluxe,2342,"262 OYOs in DlfCyberCity,Gurugram,Haryana","Thu, 17 Oct",₹1895,₹2563
OYO 8110 Nstay 31,1909,"262 OYOs in DlfCyberCity,Gurugram,Haryana","Thu, 17 Oct",₹1895,₹2563
Capital O 44230 Casa Haven Deluxe,2983,"6 OYOs in HudaCityCenterMetro,Gurugram,Haryana","Thu, 17 Oct",₹2574,₹3025
Capital O 38563 Hotel Marquis Suite,2898,"6 OYOs in HudaCityCenterMetro,Gurugram,Haryana","Thu, 17 Oct",₹2574,₹3025
OYO 6293 Monarch Residency,2605,"6 OYOs in HudaCityCenterMetro,Gurugram,Haryana","Thu, 17 Oct",₹2574,₹3025
OYO Townhouse 003 Sohna Road 1,2690,"6 OYOs in HudaCityCenterMetro,Gurugram,Haryana","Thu, 17 Oct",₹2574,₹3025
OYO 15526 Lime Wood Stay Suite,2791,"16 OYOs in DLFPhase1,Gurgaon,Haryana","Fri, 18 Oct",₹2591,₹3735
Capital O 44230 Casa Haven Deluxe,2983,"16 OYOs in DLFPhase1,Gurgaon,Haryana","Fri, 18 Oct",₹2591,₹3735
OYO 10171 Hotel Comfort Stay,2893,"16 OYOs in DLFPhase1,Gurgaon,Haryana","Fri, 18 Oct",₹2591,₹3735
OYO Townhouse 062 Cyber City,2728,"16 OYOs in DLFPhase1,Gurgaon,Haryana","Fri, 18 Oct",₹2591,₹3735
OYO 9771 Hotel Glitz Westend Inn,3409,"16 OYOs in DLFPhase1,Gurgaon,Haryana","Fri, 18 Oct",₹2591,₹3735
OYO 1670 Cotts Villa,2836,"16 OYOs in DLFPhase1,Gurgaon,Haryana","Fri, 18 Oct",₹2591,₹3735
OYO Townhouse 089 Hongkong Bazaar,2932,"16 OYOs in DLFPhase1,Gurgaon,Haryana","Fri, 18 Oct",₹2591,₹3735
SilverKey Executive Stays 27887 Delhi Airport Mahipalpur,2725,"16 OYOs in DLFPhase1,Gurgaon,Haryana","Fri, 18 Oct",₹2591,₹3735
OYO 26911 Kcg Hotels Deluxe,3448,"16 OYOs in DLFPhase1,Gurgaon,Haryana","Fri, 18 Oct",₹2591,₹3735
OYO Townhouse 068 Sohna Road 2,2765,"16 OYOs in DLFPhase1,Gurgaon,Haryana","Fri, 18 Oct",₹2591,₹3735
Capital O 11690 M Suites Suite,2717,"16 OYOs in DLFPhase1,Gurgaon,Haryana","Fri, 18 Oct",₹2591,₹3735
OYO Townhouse 120 Shushant Lok,2098,"267 OYOs in DlfCyberCity,Gurugram,Haryana","Fri, 18 Oct",₹1895,₹2523
OYO 11479 Hotel Altus Residency,2281,"267 OYOs in DlfCyberCity,Gurugram,Haryana","Fri, 18 Oct",₹1895,₹2523
OYO 27674 Dhairya Residency Deluxe,2211,"267 OYOs in DlfCyberCity,Gurugram,Haryana","Fri, 18 Oct",₹1895,₹2523
Capital O 36987 Cosy Tree,1932,"267 OYOs in DlfCyberCity,Gurugram,Haryana","Fri, 18 Oct",₹1895,₹2523
OYO 1007 Hotel Villa 24,2272,"267 OYOs in DlfCyberCity,Gurugram,Haryana","Fri, 18 Oct",₹1895,₹2523
SilverKey Executive Stays 20027 Cyber City,1969,"267 OYOs in DlfCyberCity,Gurugram,Haryana","Fri, 18 Oct",₹1895,₹2523
OYO 11524 Hotel Shubhhdeep Aashiyana,2233,"267 OYOs in DlfCyberCity,Gurugram,Haryana","Fri, 18 Oct",₹1895,₹2523
OYO 15526 Lime Wood Stay,2328,"267 OYOs in DlfCyberCity,Gurugram,Haryana","Fri, 18 Oct",₹1895,₹2523
OYO Townhouse 032 Galleria Market,2173,"267 OYOs in DlfCyberCity,Gurugram,Haryana","Fri, 18 Oct",₹1895,₹2523
OYO 8451 JDM Residency,1973,"267 OYOs in DlfCyberCity,Gurugram,Haryana","Fri, 18 Oct",₹1895,₹2523
Capital O 13783 The Claire,1903,"267 OYOs in DlfCyberCity,Gurugram,Haryana","Fri, 18 Oct",₹1895,₹2523
Capital O 13773 Hotel The Shoba Estate Gold Deluxe,2051,"267 OYOs in DlfCyberCity,Gurugram,Haryana","Fri, 18 Oct",₹1895,₹2523
OYO 46157 Hotel Zara International Deluxe,2112,"267 OYOs in DlfCyberCity,Gurugram,Haryana","Fri, 18 Oct",₹1895,₹2523
OYO 18645 Kartik Inns,2212,"267 OYOs in DlfCyberCity,Gurugram,Haryana","Fri, 18 Oct",₹1895,₹2523
"OYO 11380 B284, sushant lok 1",2410,"267 OYOs in DlfCyberCity,Gurugram,Haryana","Fri, 18 Oct",₹1895,₹2523
OYO Townhouse 020 Huda Metro South City 1,2404,"267 OYOs in DlfCyberCity,Gurugram,Haryana","Fri, 18 Oct",₹1895,₹2523
OYO 47737 The Rocopie,1972,"267 OYOs in DlfCyberCity,Gurugram,Haryana","Fri, 18 Oct",₹1895,₹2523
OYO 63251 Friends Harsh Villa,2410,"267 OYOs in DlfCyberCity,Gurugram,Haryana","Fri, 18 Oct",₹1895,₹2523
OYO 17035 Arkaya Deluxe,1963,"267 OYOs in DlfCyberCity,Gurugram,Haryana","Fri, 18 Oct",₹1895,₹2523
SilverKey Executive Stays 20016 Huda City Centre,2042,"267 OYOs in DlfCyberCity,Gurugram,Haryana","Fri, 18 Oct",₹1895,₹2523
OYO 15526 Lime Wood Stay Suite,2791,"17 OYOs in HudaCityCenterMetro,Gurugram,Haryana","Fri, 18 Oct",₹2574,₹3806
Capital O 44230 Casa Haven Deluxe,2983,"17 OYOs in HudaCityCenterMetro,Gurugram,Haryana","Fri, 18 Oct",₹2574,₹3806
OYO 10171 Hotel Comfort Stay,2893,"17 OYOs in HudaCityCenterMetro,Gurugram,Haryana","Fri, 18 Oct",₹2574,₹3806
OYO Townhouse 089 Hongkong Bazaar,2932,"17 OYOs in HudaCityCenterMetro,Gurugram,Haryana","Fri, 18 Oct",₹2574,₹3806
OYO Townhouse 062 Cyber City,2728,"17 OYOs in HudaCityCenterMetro,Gurugram,Haryana","Fri, 18 Oct",₹2574,₹3806
OYO Townhouse 068 Sohna Road 2,2765,"17 OYOs in HudaCityCenterMetro,Gurugram,Haryana","Fri, 18 Oct",₹2574,₹3806
OYO 18557 Palam Residency,3648,"17 OYOs in HudaCityCenterMetro,Gurugram,Haryana","Fri, 18 Oct",₹2574,₹3806
OYO Townhouse 003 Sohna Road,2898,"17 OYOs in HudaCityCenterMetro,Gurugram,Haryana","Fri, 18 Oct",₹2574,₹3806
Capital O 38563 Hotel Marquis Suite,3573,"17 OYOs in HudaCityCenterMetro,Gurugram,Haryana","Fri, 18 Oct",₹2574,₹3806
OYO 1751 Hotel Jukaso IT Suites,2605,"17 OYOs in HudaCityCenterMetro,Gurugram,Haryana","Fri, 18 Oct",₹2574,₹3806
OYO 6293 Monarch Residency,2811,"17 OYOs in HudaCityCenterMetro,Gurugram,Haryana","Fri, 18 Oct",₹2574,₹3806
OYO 15526 Lime Wood Stay Suite,3136,"20 OYOs in DLFPhase1,Gurgaon,Haryana","Sat, 19 Oct",₹2606,₹3708
OYO Townhouse 017 Huda City Center,3677,"20 OYOs in DLFPhase1,Gurgaon,Haryana","Sat, 19 Oct",₹2606,₹3708
OYO Townhouse 020 Huda Metro South City 1,2936,"20 OYOs in DLFPhase1,Gurgaon,Haryana","Sat, 19 Oct",₹2606,₹3708
OYO 9771 Hotel Glitz Westend Inn,3483,"20 OYOs in DLFPhase1,Gurgaon,Haryana","Sat, 19 Oct",₹2606,₹3708
OYO Townhouse 099 Chattarpur,2837,"20 OYOs in DLFPhase1,Gurgaon,Haryana","Sat, 19 Oct",₹2606,₹3708
"OYO Townhouse 166, Sector 38, Gurgaon",2680,"20 OYOs in DLFPhase1,Gurgaon,Haryana","Sat, 19 Oct",₹2606,₹3708
OYO 26911 Kcg Hotels Deluxe,3100,"20 OYOs in DLFPhase1,Gurgaon,Haryana","Sat, 19 Oct",₹2606,₹3708
OYO Townhouse 003 Sohna Road,2747,"20 OYOs in DLFPhase1,Gurgaon,Haryana","Sat, 19 Oct",₹2606,₹3708
OYO 16554 Golf Branson,2938,"20 OYOs in DLFPhase1,Gurgaon,Haryana","Sat, 19 Oct",₹2606,₹3708
OYO 27674 Dhairya Residency,2214,"278 OYOs in DlfCyberCity,Gurugram,Haryana","Sat, 19 Oct",₹1896,₹2536
OYO 11479 Hotel Altus Residency,2248,"278 OYOs in DlfCyberCity,Gurugram,Haryana","Sat, 19 Oct",₹1896,₹2536
OYO Townhouse 129 Sector 30,2499,"278 OYOs in DlfCyberCity,Gurugram,Haryana","Sat, 19 Oct",₹1896,₹2536
Capital O 44230 Casa Haven Deluxe,2242,"278 OYOs in DlfCyberCity,Gurugram,Haryana","Sat, 19 Oct",₹1896,₹2536
OYO 6018 Ethnic Facilities,2111,"278 OYOs in DlfCyberCity,Gurugram,Haryana","Sat, 19 Oct",₹1896,₹2536
Capital O 36987 Cosy Tree,1932,"278 OYOs in DlfCyberCity,Gurugram,Haryana","Sat, 19 Oct",₹1896,₹2536
OYO Townhouse 032 Galleria Market,2411,"278 OYOs in DlfCyberCity,Gurugram,Haryana","Sat, 19 Oct",₹1896,₹2536
OYO Townhouse 178  Sector 52,2271,"278 OYOs in DlfCyberCity,Gurugram,Haryana","Sat, 19 Oct",₹1896,₹2536
OYO 14408 Corple Stays,1975,"278 OYOs in DlfCyberCity,Gurugram,Haryana","Sat, 19 Oct",₹1896,₹2536
Capital O 13783 The Claire,1903,"278 OYOs in DlfCyberCity,Gurugram,Haryana","Sat, 19 Oct",₹1896,₹2536
OYO 18685 Shweta Inn,1957,"278 OYOs in DlfCyberCity,Gurugram,Haryana","Sat, 19 Oct",₹1896,₹2536
OYO Townhouse 027 Sector 15 Gurgaon,2336,"278 OYOs in DlfCyberCity,Gurugram,Haryana","Sat, 19 Oct",₹1896,₹2536
OYO 6576 Viskon Rooms,2009,"278 OYOs in DlfCyberCity,Gurugram,Haryana","Sat, 19 Oct",₹1896,₹2536
OYO 9299 DLF Phase 4,1898,"278 OYOs in DlfCyberCity,Gurugram,Haryana","Sat, 19 Oct",₹1896,₹2536
OYO 16759 Sukhsagar,2076,"278 OYOs in DlfCyberCity,Gurugram,Haryana","Sat, 19 Oct",₹1896,₹2536
OYO 36700 Hotel Indians,1966,"278 OYOs in DlfCyberCity,Gurugram,Haryana","Sat, 19 Oct",₹1896,₹2536
OYO Townhouse 107 Sector 52 Indira Colony,2045,"278 OYOs in DlfCyberCity,Gurugram,Haryana","Sat, 19 Oct",₹1896,₹2536
"OYO 11380 B284, sushant lok 1",2410,"278 OYOs in DlfCyberCity,Gurugram,Haryana","Sat, 19 Oct",₹1896,₹2536
OYO 63251 Friends Harsh Villa,2410,"278 OYOs in DlfCyberCity,Gurugram,Haryana","Sat, 19 Oct",₹1896,₹2536
Capital O 14481 Hotel Urban Inn Deluxe,2098,"278 OYOs in DlfCyberCity,Gurugram,Haryana","Sat, 19 Oct",₹1896,₹2536
OYO 22234 Ridge View Residency,2586,"25 OYOs in HudaCityCenterMetro,Gurugram,Haryana","Sat, 19 Oct",₹2579,₹3775
OYO Townhouse 017 Huda City Center,3677,"25 OYOs in HudaCityCenterMetro,Gurugram,Haryana","Sat, 19 Oct",₹2579,₹3775
OYO 15526 Lime Wood Stay Suite,3136,"25 OYOs in HudaCityCenterMetro,Gurugram,Haryana","Sat, 19 Oct",₹2579,₹3775
OYO 2797 Hotel Shalom Residency,2581,"25 OYOs in HudaCityCenterMetro,Gurugram,Haryana","Sat, 19 Oct",₹2579,₹3775
OYO Townhouse 020 Huda Metro South City 1,2936,"25 OYOs in HudaCityCenterMetro,Gurugram,Haryana","Sat, 19 Oct",₹2579,₹3775
"OYO Townhouse 166, Sector 38, Gurgaon",2680,"25 OYOs in HudaCityCenterMetro,Gurugram,Haryana","Sat, 19 Oct",₹2579,₹3775
OYO 1007 Hotel Villa 24,3712,"25 OYOs in HudaCityCenterMetro,Gurugram,Haryana","Sat, 19 Oct",₹2579,₹3775
OYO Townhouse 003 Sohna Road,2747,"25 OYOs in HudaCityCenterMetro,Gurugram,Haryana","Sat, 19 Oct",₹2579,₹3775
OYO 16554 Golf Branson,2938,"25 OYOs in HudaCityCenterMetro,Gurugram,Haryana","Sat, 19 Oct",₹2579,₹3775
OYO 11559 Sai Villa,3648,"25 OYOs in HudaCityCenterMetro,Gurugram,Haryana","Sat, 19 Oct",₹2579,₹3775
SilverKey Executive Stays 20036 Akash Neem Marg,2898,"25 OYOs in HudaCityCenterMetro,Gurugram,Haryana","Sat, 19 Oct",₹2579,₹3775
OYO Townhouse 001 Southcity Sohna Road,3106,"5 OYOs in DLFPhase1,Gurgaon,Haryana","Sun, 20 Oct",₹2570,₹3699
Capital O 14481 Hotel Urban Inn Deluxe,3346,"5 OYOs in DLFPhase1,Gurgaon,Haryana","Sun, 20 Oct",₹2570,₹3699
OYO 26911 Kcg Hotels Deluxe,3100,"5 OYOs in DLFPhase1,Gurgaon,Haryana","Sun, 20 Oct",₹2570,₹3699
OYO 9771 Hotel Glitz Westend Inn,3483,"5 OYOs in DLFPhase1,Gurgaon,Haryana","Sun, 20 Oct",₹2570,₹3699
OYO 29376 Hotel Red Diamond,2041,"20 OYOs in DlfCyberCity,Gurugram,Haryana","Sun, 20 Oct",₹1890,₹2478
OYO 45818 Nyra Residency,2370,"20 OYOs in DlfCyberCity,Gurugram,Haryana","Sun, 20 Oct",₹1890,₹2478
Capital O 44230 Casa Haven Deluxe,2422,"20 OYOs in DlfCyberCity,Gurugram,Haryana","Sun, 20 Oct",₹1890,₹2478
OYO 12311 Corporate Square,2209,"20 OYOs in DlfCyberCity,Gurugram,Haryana","Sun, 20 Oct",₹1890,₹2478
OYO 9299 DLF Phase 4,1898,"20 OYOs in DlfCyberCity,Gurugram,Haryana","Sun, 20 Oct",₹1890,₹2478
OYO Townhouse 027 Sector 15 Gurgaon,1964,"20 OYOs in DlfCyberCity,Gurugram,Haryana","Sun, 20 Oct",₹1890,₹2478
OYO 18645 Kartik Inns,2250,"20 OYOs in DlfCyberCity,Gurugram,Haryana","Sun, 20 Oct",₹1890,₹2478
OYO 9994 Springs Homes,2019,"20 OYOs in DlfCyberCity,Gurugram,Haryana","Sun, 20 Oct",₹1890,₹2478
Capital O 13773 Hotel The Shoba Estate Gold Deluxe,2051,"20 OYOs in DlfCyberCity,Gurugram,Haryana","Sun, 20 Oct",₹1890,₹2478
OYO 725 Wow Inn,1938,"20 OYOs in DlfCyberCity,Gurugram,Haryana","Sun, 20 Oct",₹1890,₹2478
Capital O 445 Impress Hotel,2121,"20 OYOs in DlfCyberCity,Gurugram,Haryana","Sun, 20 Oct",₹1890,₹2478
Capital O 11690 M Suites Deluxe,2342,"20 OYOs in DlfCyberCity,Gurugram,Haryana","Sun, 20 Oct",₹1890,₹2478
Capital O 4051 La Sapphire Deluxe,1981,"20 OYOs in DlfCyberCity,Gurugram,Haryana","Sun, 20 Oct",₹1890,₹2478
Capital O 444 Hotel Venus,2113,"20 OYOs in DlfCyberCity,Gurugram,Haryana","Sun, 20 Oct",₹1890,₹2478
OYO Townhouse 101 Golf Course Road,2497,"8 OYOs in HudaCityCenterMetro,Gurugram,Haryana","Sun, 20 Oct",₹2356,₹3974
OYO 45818 Nyra Residency,2370,"8 OYOs in HudaCityCenterMetro,Gurugram,Haryana","Sun, 20 Oct",₹2356,₹3974
Capital O 44230 Casa Haven Deluxe,2422,"8 OYOs in HudaCityCenterMetro,Gurugram,Haryana","Sun, 20 Oct",₹2356,₹3974
OYO Townhouse 027 Sector 15 Gurgaon Deluxe,2399,"8 OYOs in HudaCityCenterMetro,Gurugram,Haryana","Sun, 20 Oct",₹2356,₹3974
OYO Townhouse 001 Southcity Sohna Road,3106,"8 OYOs in HudaCityCenterMetro,Gurugram,Haryana","Sun, 20 Oct",₹2356,₹3974
OYO Townhouse 089 Hongkong Bazaar,2393,"8 OYOs in HudaCityCenterMetro,Gurugram,Haryana","Sun, 20 Oct",₹2356,₹3974
OYO Townhouse 120 Shushant Lok,2651,"10 OYOs in DLFPhase1,Gurgaon,Haryana","Mon, 21 Oct",₹2585,₹3730
OYO Townhouse 027 Sector 15 Gurgaon Deluxe,3174,"10 OYOs in DLFPhase1,Gurgaon,Haryana","Mon, 21 Oct",₹2585,₹3730
OYO 13867 The Hotel AM-Bliss Deluxe,2910,"10 OYOs in DLFPhase1,Gurgaon,Haryana","Mon, 21 Oct",₹2585,₹3730
OYO Townhouse 003 Sohna Road 1,2950,"10 OYOs in DLFPhase1,Gurgaon,Haryana","Mon, 21 Oct",₹2585,₹3730
OYO 26911 Kcg Hotels Deluxe,3100,"10 OYOs in DLFPhase1,Gurgaon,Haryana","Mon, 21 Oct",₹2585,₹3730
OYO 9771 Hotel Glitz Westend Inn,3483,"10 OYOs in DLFPhase1,Gurgaon,Haryana","Mon, 21 Oct",₹2585,₹3730
OYO 11479 Hotel Altus Residency,2386,"21 OYOs in DlfCyberCity,Gurugram,Haryana","Mon, 21 Oct",₹1890,₹2533
OYO Townhouse 062 Cyber City,1943,"21 OYOs in DlfCyberCity,Gurugram,Haryana","Mon, 21 Oct",₹1890,₹2533
OYO 18693 Levante Suite,1939,"21 OYOs in DlfCyberCity,Gurugram,Haryana","Mon, 21 Oct",₹1890,₹2533
Capital O 44230 Casa Haven Deluxe,2489,"21 OYOs in DlfCyberCity,Gurugram,Haryana","Mon, 21 Oct",₹1890,₹2533
Capital O 13783 The Claire Deluxe,2036,"21 OYOs in DlfCyberCity,Gurugram,Haryana","Mon, 21 Oct",₹1890,₹2533
OYO 12311 Corporate Square,2533,"21 OYOs in DlfCyberCity,Gurugram,Haryana","Mon, 21 Oct",₹1890,₹2533
OYO Townhouse 032 Galleria Market,2012,"21 OYOs in DlfCyberCity,Gurugram,Haryana","Mon, 21 Oct",₹1890,₹2533
OYO 484 RTS Hotel,2082,"21 OYOs in DlfCyberCity,Gurugram,Haryana","Mon, 21 Oct",₹1890,₹2533
OYO 18645 Kartik Inns,2091,"21 OYOs in DlfCyberCity,Gurugram,Haryana","Mon, 21 Oct",₹1890,₹2533
Capital O 13773 Hotel The Shoba Estate Gold Deluxe,2051,"21 OYOs in DlfCyberCity,Gurugram,Haryana","Mon, 21 Oct",₹1890,₹2533
OYO Townhouse 020 Huda Metro South City 1,1924,"21 OYOs in DlfCyberCity,Gurugram,Haryana","Mon, 21 Oct",₹1890,₹2533
Capital O 445 Impress Hotel,2121,"21 OYOs in DlfCyberCity,Gurugram,Haryana","Mon, 21 Oct",₹1890,₹2533
Capital O 11690 M Suites Deluxe,2342,"21 OYOs in DlfCyberCity,Gurugram,Haryana","Mon, 21 Oct",₹1890,₹2533
Capital O 4051 La Sapphire Deluxe,1981,"21 OYOs in DlfCyberCity,Gurugram,Haryana","Mon, 21 Oct",₹1890,₹2533
Capital O 444 Hotel Venus,2113,"21 OYOs in DlfCyberCity,Gurugram,Haryana","Mon, 21 Oct",₹1890,₹2533
OYO Townhouse 120 Shushant Lok,2651,"8 OYOs in HudaCityCenterMetro,Gurugram,Haryana","Mon, 21 Oct",₹2566,₹3797
OYO Townhouse 027 Sector 15 Gurgaon Deluxe,3174,"8 OYOs in HudaCityCenterMetro,Gurugram,Haryana","Mon, 21 Oct",₹2566,₹3797
OYO 13867 The Hotel AM-Bliss Deluxe,2910,"8 OYOs in HudaCityCenterMetro,Gurugram,Haryana","Mon, 21 Oct",₹2566,₹3797
OYO Townhouse 003 Sohna Road 1,2950,"8 OYOs in HudaCityCenterMetro,Gurugram,Haryana","Mon, 21 Oct",₹2566,₹3797
OYO Townhouse 032 Galleria Market,2706,"8 OYOs in DLFPhase1,Gurgaon,Haryana","Tue, 22 Oct",₹2566,₹3686
OYO Townhouse 120 Shushant Lok,2651,"8 OYOs in DLFPhase1,Gurgaon,Haryana","Tue, 22 Oct",₹2566,₹3686
OYO Townhouse 050 Mayfield Garden Deluxe,2640,"8 OYOs in DLFPhase1,Gurgaon,Haryana","Tue, 22 Oct",₹2566,₹3686
OYO 26911 Kcg Hotels Deluxe,3100,"8 OYOs in DLFPhase1,Gurgaon,Haryana","Tue, 22 Oct",₹2566,₹3686
OYO 9771 Hotel Glitz Westend Inn,3483,"8 OYOs in DLFPhase1,Gurgaon,Haryana","Tue, 22 Oct",₹2566,₹3686
OYO Townhouse 003 Sohna Road,3077,"8 OYOs in DLFPhase1,Gurgaon,Haryana","Tue, 22 Oct",₹2566,₹3686
OYO 11479 Hotel Altus Residency,2080,"22 OYOs in DlfCyberCity,Gurugram,Haryana","Tue, 22 Oct",₹1890,₹2489
OYO Townhouse 062 Cyber City,1992,"22 OYOs in DlfCyberCity,Gurugram,Haryana","Tue, 22 Oct",₹1890,₹2489
OYO Townhouse 017 Huda City Center,1943,"22 OYOs in DlfCyberCity,Gurugram,Haryana","Tue, 22 Oct",₹1890,₹2489
Capital O 13783 The Claire Deluxe,2036,"22 OYOs in DlfCyberCity,Gurugram,Haryana","Tue, 22 Oct",₹1890,₹2489
OYO Townhouse 101 Golf Course Road,2075,"22 OYOs in DlfCyberCity,Gurugram,Haryana","Tue, 22 Oct",₹1890,₹2489
OYO 27674 Dhairya Residency,1906,"22 OYOs in DlfCyberCity,Gurugram,Haryana","Tue, 22 Oct",₹1890,₹2489
OYO 12311 Corporate Square,2206,"22 OYOs in DlfCyberCity,Gurugram,Haryana","Tue, 22 Oct",₹1890,₹2489
OYO 18645 Kartik Inns,2014,"22 OYOs in DlfCyberCity,Gurugram,Haryana","Tue, 22 Oct",₹1890,₹2489
OYO Townhouse 027 Sector 15 Gurgaon,2317,"22 OYOs in DlfCyberCity,Gurugram,Haryana","Tue, 22 Oct",₹1890,₹2489
OYO Flagship 477 HUDA City Centre,2173,"22 OYOs in DlfCyberCity,Gurugram,Haryana","Tue, 22 Oct",₹1890,₹2489
Capital O 13773 Hotel The Shoba Estate Gold Deluxe,2051,"22 OYOs in DlfCyberCity,Gurugram,Haryana","Tue, 22 Oct",₹1890,₹2489
OYO Townhouse 020 Huda Metro South City 1,2480,"22 OYOs in DlfCyberCity,Gurugram,Haryana","Tue, 22 Oct",₹1890,₹2489
OYO 10223 Hotel Clouds 21,1987,"22 OYOs in DlfCyberCity,Gurugram,Haryana","Tue, 22 Oct",₹1890,₹2489
Capital O 445 Impress Hotel,2121,"22 OYOs in DlfCyberCity,Gurugram,Haryana","Tue, 22 Oct",₹1890,₹2489
Capital O 11690 M Suites Deluxe,2342,"22 OYOs in DlfCyberCity,Gurugram,Haryana","Tue, 22 Oct",₹1890,₹2489
Capital O 4051 La Sapphire Deluxe,1981,"22 OYOs in DlfCyberCity,Gurugram,Haryana","Tue, 22 Oct",₹1890,₹2489
Capital O 444 Hotel Venus,2113,"22 OYOs in DlfCyberCity,Gurugram,Haryana","Tue, 22 Oct",₹1890,₹2489
OYO Townhouse 032 Galleria Market,2706,"7 OYOs in HudaCityCenterMetro,Gurugram,Haryana","Tue, 22 Oct",₹2605,₹3775
Capital O 44230 Casa Haven Deluxe,3730,"7 OYOs in HudaCityCenterMetro,Gurugram,Haryana","Tue, 22 Oct",₹2605,₹3775
OYO Townhouse 120 Shushant Lok,2651,"7 OYOs in HudaCityCenterMetro,Gurugram,Haryana","Tue, 22 Oct",₹2605,₹3775
OYO Townhouse 050 Mayfield Garden Deluxe,2640,"7 OYOs in HudaCityCenterMetro,Gurugram,Haryana","Tue, 22 Oct",₹2605,₹3775
OYO Townhouse 003 Sohna Road,3077,"7 OYOs in HudaCityCenterMetro,Gurugram,Haryana","Tue, 22 Oct",₹2605,₹3775
OYO Townhouse 062 Cyber City,3012,"7 OYOs in DLFPhase1,Gurgaon,Haryana","Wed, 23 Oct",₹2579,₹3683
OYO Townhouse 032 Galleria Market,3100,"7 OYOs in DLFPhase1,Gurgaon,Haryana","Wed, 23 Oct",₹2579,₹3683
OYO 9771 Hotel Glitz Westend Inn,3483,"7 OYOs in DLFPhase1,Gurgaon,Haryana","Wed, 23 Oct",₹2579,₹3683
OYO 26911 Kcg Hotels Deluxe,3100,"7 OYOs in DLFPhase1,Gurgaon,Haryana","Wed, 23 Oct",₹2579,₹3683
OYO Townhouse 003 Sohna Road,2666,"7 OYOs in DLFPhase1,Gurgaon,Haryana","Wed, 23 Oct",₹2579,₹3683
OYO 29376 Hotel Red Diamond,2210,"21 OYOs in DlfCyberCity,Gurugram,Haryana","Wed, 23 Oct",₹1866,₹2507
OYO Townhouse 101 Golf Course Road,1989,"21 OYOs in DlfCyberCity,Gurugram,Haryana","Wed, 23 Oct",₹1866,₹2507
Collection O 30027 Motif South City 1,2124,"21 OYOs in DlfCyberCity,Gurugram,Haryana","Wed, 23 Oct",₹1866,₹2507
OYO Townhouse 027 Sector 15 Gurgaon,2185,"21 OYOs in DlfCyberCity,Gurugram,Haryana","Wed, 23 Oct",₹1866,₹2507
OYO Townhouse 017 Huda City Center,2423,"21 OYOs in DlfCyberCity,Gurugram,Haryana","Wed, 23 Oct",₹1866,₹2507
Capital O 13783 The Claire Deluxe,1901,"21 OYOs in DlfCyberCity,Gurugram,Haryana","Wed, 23 Oct",₹1866,₹2507
SilverKey Executive Stays 20027 Cyber City,2041,"21 OYOs in DlfCyberCity,Gurugram,Haryana","Wed, 23 Oct",₹1866,₹2507
Capital O 13773 Hotel The Shoba Estate Gold Deluxe,2104,"21 OYOs in DlfCyberCity,Gurugram,Haryana","Wed, 23 Oct",₹1866,₹2507
OYO Townhouse 020 Huda Metro South City 1,2063,"21 OYOs in DlfCyberCity,Gurugram,Haryana","Wed, 23 Oct",₹1866,₹2507
OYO 484 RTS Hotel,1911,"21 OYOs in DlfCyberCity,Gurugram,Haryana","Wed, 23 Oct",₹1866,₹2507
OYO 17035 Arkaya Deluxe,1900,"21 OYOs in DlfCyberCity,Gurugram,Haryana","Wed, 23 Oct",₹1866,₹2507
Capital O 445 Impress Hotel,2281,"21 OYOs in DlfCyberCity,Gurugram,Haryana","Wed, 23 Oct",₹1866,₹2507
Capital O 14481 Hotel Urban Inn Deluxe,1960,"21 OYOs in DlfCyberCity,Gurugram,Haryana","Wed, 23 Oct",₹1866,₹2507
Capital O 11690 M Suites Deluxe,2342,"21 OYOs in DlfCyberCity,Gurugram,Haryana","Wed, 23 Oct",₹1866,₹2507
Capital O 4051 La Sapphire Deluxe,1981,"21 OYOs in DlfCyberCity,Gurugram,Haryana","Wed, 23 Oct",₹1866,₹2507
Capital O 444 Hotel Venus,2113,"21 OYOs in DlfCyberCity,Gurugram,Haryana","Wed, 23 Oct",₹1866,₹2507
OYO Townhouse 032 Galleria Market,3100,"9 OYOs in HudaMetroStation,Gurugram,Delhi122007","Wed, 23 Oct",₹2365,₹3755
OYO Townhouse 027 Sector 15 Gurgaon Deluxe,2402,"9 OYOs in HudaMetroStation,Gurugram,Delhi122007","Wed, 23 Oct",₹2365,₹3755
OYO Townhouse 017 Huda City Center,2423,"9 OYOs in HudaMetroStation,Gurugram,Delhi122007","Wed, 23 Oct",₹2365,₹3755
OYO Townhouse 062 Cyber City,3012,"9 OYOs in HudaMetroStation,Gurugram,Delhi122007","Wed, 23 Oct",₹2365,₹3755
OYO Townhouse 003 Sohna Road,2666,"9 OYOs in HudaMetroStation,Gurugram,Delhi122007","Wed, 23 Oct",₹2365,₹3755
Capital O 44230 Casa Haven Deluxe,3067,"8 OYOs in DLFPhase1,Gurgaon,Haryana","Thu, 24 Oct",₹2526,₹3718
Capital O 14259 Pine Grove Suite,3137,"8 OYOs in DLFPhase1,Gurgaon,Haryana","Thu, 24 Oct",₹2526,₹3718
OYO 45652 Grand Oyster Homestay Suite,2557,"8 OYOs in DLFPhase1,Gurgaon,Haryana","Thu, 24 Oct",₹2526,₹3718
OYO 26911 Kcg Hotels Deluxe,3448,"8 OYOs in DLFPhase1,Gurgaon,Haryana","Thu, 24 Oct",₹2526,₹3718
OYO Townhouse 003 Sohna Road 1,2584,"8 OYOs in DLFPhase1,Gurgaon,Haryana","Thu, 24 Oct",₹2526,₹3718
OYO Townhouse 003 Sohna Road,2672,"8 OYOs in DLFPhase1,Gurgaon,Haryana","Thu, 24 Oct",₹2526,₹3718
OYO 18693 Levante Suite,1939,"17 OYOs in DlfCyberCity,Gurugram,Haryana","Thu, 24 Oct",₹1890,₹2506
OYO Townhouse 017 Huda City Center,2002,"17 OYOs in DlfCyberCity,Gurugram,Haryana","Thu, 24 Oct",₹1890,₹2506
OYO Townhouse 032 Galleria Market,2034,"17 OYOs in DlfCyberCity,Gurugram,Haryana","Thu, 24 Oct",₹1890,₹2506
OYO Townhouse 027 Sector 15 Gurgaon,2287,"17 OYOs in DlfCyberCity,Gurugram,Haryana","Thu, 24 Oct",₹1890,₹2506
OYO 17035 Arkaya Deluxe,2014,"17 OYOs in DlfCyberCity,Gurugram,Haryana","Thu, 24 Oct",₹1890,₹2506
Capital O 13773 Hotel The Shoba Estate Gold Deluxe,2051,"17 OYOs in DlfCyberCity,Gurugram,Haryana","Thu, 24 Oct",₹1890,₹2506
Capital O 445 Impress Hotel,2281,"17 OYOs in DlfCyberCity,Gurugram,Haryana","Thu, 24 Oct",₹1890,₹2506
OYO Townhouse 020 Huda Metro South City 1,2080,"17 OYOs in DlfCyberCity,Gurugram,Haryana","Thu, 24 Oct",₹1890,₹2506
Capital O 13783 The Claire Deluxe,2036,"17 OYOs in DlfCyberCity,Gurugram,Haryana","Thu, 24 Oct",₹1890,₹2506
SilverKey Executive Stays 19653 Star Mall,2173,"17 OYOs in DlfCyberCity,Gurugram,Haryana","Thu, 24 Oct",₹1890,₹2506
Capital O 11690 M Suites Deluxe,2342,"17 OYOs in DlfCyberCity,Gurugram,Haryana","Thu, 24 Oct",₹1890,₹2506
Capital O 4051 La Sapphire Suite,2017,"17 OYOs in DlfCyberCity,Gurugram,Haryana","Thu, 24 Oct",₹1890,₹2506
Capital O 444 Hotel Venus,2113,"17 OYOs in DlfCyberCity,Gurugram,Haryana","Thu, 24 Oct",₹1890,₹2506
Capital O 44230 Casa Haven Deluxe,3067,"8 OYOs in HudaMetroStation,Gurugram,Delhi122007","Thu, 24 Oct",₹2486,₹3817
OYO Townhouse 027 Sector 15 Gurgaon Deluxe,2514,"8 OYOs in HudaMetroStation,Gurugram,Delhi122007","Thu, 24 Oct",₹2486,₹3817
Capital O 14259 Pine Grove Suite,3137,"8 OYOs in HudaMetroStation,Gurugram,Delhi122007","Thu, 24 Oct",₹2486,₹3817
OYO 45652 Grand Oyster Homestay Suite,2557,"8 OYOs in HudaMetroStation,Gurugram,Delhi122007","Thu, 24 Oct",₹2486,₹3817
OYO Townhouse 003 Sohna Road 1,2584,"8 OYOs in HudaMetroStation,Gurugram,Delhi122007","Thu, 24 Oct",₹2486,₹3817
OYO Townhouse 003 Sohna Road,2672,"8 OYOs in HudaMetroStation,Gurugram,Delhi122007","Thu, 24 Oct",₹2486,₹3817
