Name,Price
OYO 18693 Levante Suite,2012
OYO 18693 Levante Suite,2228
OYO 18693 Levante Suite,2078
OYO 18693 Levante Suite,2524
OYO 18693 Levante Suite,2704
OYO 18693 Levante Suite,2260
OYO 18693 Levante Suite,3165
OYO 18693 Levante Suite,3001
OYO 18693 Levante Suite,3165
OYO 18693 Levante Suite,2333
OYO 18693 Levante Suite,2404
OYO 18693 Levante Suite,2800
OYO 18693 Levante Suite,2110
OYO 18693 Levante Suite,2581
OYO 18693 Levante Suite,2110
OYO 18693 Levante Suite,2645
OYO 18693 Levante Suite,2645
OYO 18693 Levante Suite,2683
OYO Townhouse 024 Sector 47 Gurgaon,2012
OYO Townhouse 024 Sector 47 Gurgaon,2228
OYO Townhouse 024 Sector 47 Gurgaon,2078
OYO Townhouse 024 Sector 47 Gurgaon,2524
OYO Townhouse 024 Sector 47 Gurgaon,2704
OYO Townhouse 024 Sector 47 Gurgaon,2260
OYO Townhouse 024 Sector 47 Gurgaon,3165
OYO Townhouse 024 Sector 47 Gurgaon,3001
OYO Townhouse 024 Sector 47 Gurgaon,3165
OYO Townhouse 024 Sector 47 Gurgaon,2333
OYO Townhouse 024 Sector 47 Gurgaon,2404
OYO Townhouse 024 Sector 47 Gurgaon,2800
OYO Townhouse 024 Sector 47 Gurgaon,2110
OYO Townhouse 024 Sector 47 Gurgaon,2581
OYO Townhouse 024 Sector 47 Gurgaon,2110
OYO Townhouse 024 Sector 47 Gurgaon,2645
OYO Townhouse 024 Sector 47 Gurgaon,2645
OYO Townhouse 024 Sector 47 Gurgaon,2683
OYO Townhouse 018 Medanta,2012
OYO Townhouse 018 Medanta,2228
OYO Townhouse 018 Medanta,2078
OYO Townhouse 018 Medanta,2524
OYO Townhouse 018 Medanta,2704
OYO Townhouse 018 Medanta,2260
OYO Townhouse 018 Medanta,3165
OYO Townhouse 018 Medanta,3001
OYO Townhouse 018 Medanta,3165
OYO Townhouse 018 Medanta,2333
OYO Townhouse 018 Medanta,2404
OYO Townhouse 018 Medanta,2800
OYO Townhouse 018 Medanta,2110
OYO Townhouse 018 Medanta,2581
OYO Townhouse 018 Medanta,2110
OYO Townhouse 018 Medanta,2645
OYO Townhouse 018 Medanta,2645
OYO Townhouse 018 Medanta,2683
OYO Townhouse 020 Huda Metro South City 1,2012
OYO Townhouse 020 Huda Metro South City 1,2228
OYO Townhouse 020 Huda Metro South City 1,2078
OYO Townhouse 020 Huda Metro South City 1,2524
OYO Townhouse 020 Huda Metro South City 1,2704
OYO Townhouse 020 Huda Metro South City 1,2260
OYO Townhouse 020 Huda Metro South City 1,3165
OYO Townhouse 020 Huda Metro South City 1,3001
OYO Townhouse 020 Huda Metro South City 1,3165
OYO Townhouse 020 Huda Metro South City 1,2333
OYO Townhouse 020 Huda Metro South City 1,2404
OYO Townhouse 020 Huda Metro South City 1,2800
OYO Townhouse 020 Huda Metro South City 1,2110
OYO Townhouse 020 Huda Metro South City 1,2581
OYO Townhouse 020 Huda Metro South City 1,2110
OYO Townhouse 020 Huda Metro South City 1,2645
OYO Townhouse 020 Huda Metro South City 1,2645
OYO Townhouse 020 Huda Metro South City 1,2683
OYO Townhouse 101 Golf Course Road,2012
OYO Townhouse 101 Golf Course Road,2228
OYO Townhouse 101 Golf Course Road,2078
OYO Townhouse 101 Golf Course Road,2524
OYO Townhouse 101 Golf Course Road,2704
OYO Townhouse 101 Golf Course Road,2260
OYO Townhouse 101 Golf Course Road,3165
OYO Townhouse 101 Golf Course Road,3001
OYO Townhouse 101 Golf Course Road,3165
OYO Townhouse 101 Golf Course Road,2333
OYO Townhouse 101 Golf Course Road,2404
OYO Townhouse 101 Golf Course Road,2800
OYO Townhouse 101 Golf Course Road,2110
OYO Townhouse 101 Golf Course Road,2581
OYO Townhouse 101 Golf Course Road,2110
OYO Townhouse 101 Golf Course Road,2645
OYO Townhouse 101 Golf Course Road,2645
OYO Townhouse 101 Golf Course Road,2683
OYO Townhouse 027 Sector 15 Gurgaon,2012
OYO Townhouse 027 Sector 15 Gurgaon,2228
OYO Townhouse 027 Sector 15 Gurgaon,2078
OYO Townhouse 027 Sector 15 Gurgaon,2524
OYO Townhouse 027 Sector 15 Gurgaon,2704
OYO Townhouse 027 Sector 15 Gurgaon,2260
OYO Townhouse 027 Sector 15 Gurgaon,3165
OYO Townhouse 027 Sector 15 Gurgaon,3001
OYO Townhouse 027 Sector 15 Gurgaon,3165
OYO Townhouse 027 Sector 15 Gurgaon,2333
OYO Townhouse 027 Sector 15 Gurgaon,2404
OYO Townhouse 027 Sector 15 Gurgaon,2800
OYO Townhouse 027 Sector 15 Gurgaon,2110
OYO Townhouse 027 Sector 15 Gurgaon,2581
OYO Townhouse 027 Sector 15 Gurgaon,2110
OYO Townhouse 027 Sector 15 Gurgaon,2645
OYO Townhouse 027 Sector 15 Gurgaon,2645
OYO Townhouse 027 Sector 15 Gurgaon,2683
OYO Townhouse 003 Sohna Road,2012
OYO Townhouse 003 Sohna Road,2228
OYO Townhouse 003 Sohna Road,2078
OYO Townhouse 003 Sohna Road,2524
OYO Townhouse 003 Sohna Road,2704
OYO Townhouse 003 Sohna Road,2260
OYO Townhouse 003 Sohna Road,3165
OYO Townhouse 003 Sohna Road,3001
OYO Townhouse 003 Sohna Road,3165
OYO Townhouse 003 Sohna Road,2333
OYO Townhouse 003 Sohna Road,2404
OYO Townhouse 003 Sohna Road,2800
OYO Townhouse 003 Sohna Road,2110
OYO Townhouse 003 Sohna Road,2581
OYO Townhouse 003 Sohna Road,2110
OYO Townhouse 003 Sohna Road,2645
OYO Townhouse 003 Sohna Road,2645
OYO Townhouse 003 Sohna Road,2683
OYO Townhouse 032 Galleria Market,2012
OYO Townhouse 032 Galleria Market,2228
OYO Townhouse 032 Galleria Market,2078
OYO Townhouse 032 Galleria Market,2524
OYO Townhouse 032 Galleria Market,2704
OYO Townhouse 032 Galleria Market,2260
OYO Townhouse 032 Galleria Market,3165
OYO Townhouse 032 Galleria Market,3001
OYO Townhouse 032 Galleria Market,3165
OYO Townhouse 032 Galleria Market,2333
OYO Townhouse 032 Galleria Market,2404
OYO Townhouse 032 Galleria Market,2800
OYO Townhouse 032 Galleria Market,2110
OYO Townhouse 032 Galleria Market,2581
OYO Townhouse 032 Galleria Market,2110
OYO Townhouse 032 Galleria Market,2645
OYO Townhouse 032 Galleria Market,2645
OYO Townhouse 032 Galleria Market,2683
OYO Townhouse 062 Cyber City,2012
OYO Townhouse 062 Cyber City,2228
OYO Townhouse 062 Cyber City,2078
OYO Townhouse 062 Cyber City,2524
OYO Townhouse 062 Cyber City,2704
OYO Townhouse 062 Cyber City,2260
OYO Townhouse 062 Cyber City,3165
OYO Townhouse 062 Cyber City,3001
OYO Townhouse 062 Cyber City,3165
OYO Townhouse 062 Cyber City,2333
OYO Townhouse 062 Cyber City,2404
OYO Townhouse 062 Cyber City,2800
OYO Townhouse 062 Cyber City,2110
OYO Townhouse 062 Cyber City,2581
OYO Townhouse 062 Cyber City,2110
OYO Townhouse 062 Cyber City,2645
OYO Townhouse 062 Cyber City,2645
OYO Townhouse 062 Cyber City,2683
OYO Townhouse 055 Sohna Road Uppal Southend 1,2012
OYO Townhouse 055 Sohna Road Uppal Southend 1,2228
OYO Townhouse 055 Sohna Road Uppal Southend 1,2078
OYO Townhouse 055 Sohna Road Uppal Southend 1,2524
OYO Townhouse 055 Sohna Road Uppal Southend 1,2704
OYO Townhouse 055 Sohna Road Uppal Southend 1,2260
OYO Townhouse 055 Sohna Road Uppal Southend 1,3165
OYO Townhouse 055 Sohna Road Uppal Southend 1,3001
OYO Townhouse 055 Sohna Road Uppal Southend 1,3165
OYO Townhouse 055 Sohna Road Uppal Southend 1,2333
OYO Townhouse 055 Sohna Road Uppal Southend 1,2404
OYO Townhouse 055 Sohna Road Uppal Southend 1,2800
OYO Townhouse 055 Sohna Road Uppal Southend 1,2110
OYO Townhouse 055 Sohna Road Uppal Southend 1,2581
OYO Townhouse 055 Sohna Road Uppal Southend 1,2110
OYO Townhouse 055 Sohna Road Uppal Southend 1,2645
OYO Townhouse 055 Sohna Road Uppal Southend 1,2645
OYO Townhouse 055 Sohna Road Uppal Southend 1,2683
OYO Townhouse 068 Sohna Road 2,2012
OYO Townhouse 068 Sohna Road 2,2228
OYO Townhouse 068 Sohna Road 2,2078
OYO Townhouse 068 Sohna Road 2,2524
OYO Townhouse 068 Sohna Road 2,2704
OYO Townhouse 068 Sohna Road 2,2260
OYO Townhouse 068 Sohna Road 2,3165
OYO Townhouse 068 Sohna Road 2,3001
OYO Townhouse 068 Sohna Road 2,3165
OYO Townhouse 068 Sohna Road 2,2333
OYO Townhouse 068 Sohna Road 2,2404
OYO Townhouse 068 Sohna Road 2,2800
OYO Townhouse 068 Sohna Road 2,2110
OYO Townhouse 068 Sohna Road 2,2581
OYO Townhouse 068 Sohna Road 2,2110
OYO Townhouse 068 Sohna Road 2,2645
OYO Townhouse 068 Sohna Road 2,2645
OYO Townhouse 068 Sohna Road 2,2683
OYO 26915 Hotel North East Residency Deluxe,2012
OYO 26915 Hotel North East Residency Deluxe,2228
OYO 26915 Hotel North East Residency Deluxe,2078
OYO 26915 Hotel North East Residency Deluxe,2524
OYO 26915 Hotel North East Residency Deluxe,2704
OYO 26915 Hotel North East Residency Deluxe,2260
OYO 26915 Hotel North East Residency Deluxe,3165
OYO 26915 Hotel North East Residency Deluxe,3001
OYO 26915 Hotel North East Residency Deluxe,3165
OYO 26915 Hotel North East Residency Deluxe,2333
OYO 26915 Hotel North East Residency Deluxe,2404
OYO 26915 Hotel North East Residency Deluxe,2800
OYO 26915 Hotel North East Residency Deluxe,2110
OYO 26915 Hotel North East Residency Deluxe,2581
OYO 26915 Hotel North East Residency Deluxe,2110
OYO 26915 Hotel North East Residency Deluxe,2645
OYO 26915 Hotel North East Residency Deluxe,2645
OYO 26915 Hotel North East Residency Deluxe,2683
OYO X 325 Hotel Prakash Habitat,2012
OYO X 325 Hotel Prakash Habitat,2228
OYO X 325 Hotel Prakash Habitat,2078
OYO X 325 Hotel Prakash Habitat,2524
OYO X 325 Hotel Prakash Habitat,2704
OYO X 325 Hotel Prakash Habitat,2260
OYO X 325 Hotel Prakash Habitat,3165
OYO X 325 Hotel Prakash Habitat,3001
OYO X 325 Hotel Prakash Habitat,3165
OYO X 325 Hotel Prakash Habitat,2333
OYO X 325 Hotel Prakash Habitat,2404
OYO X 325 Hotel Prakash Habitat,2800
OYO X 325 Hotel Prakash Habitat,2110
OYO X 325 Hotel Prakash Habitat,2581
OYO X 325 Hotel Prakash Habitat,2110
OYO X 325 Hotel Prakash Habitat,2645
OYO X 325 Hotel Prakash Habitat,2645
OYO X 325 Hotel Prakash Habitat,2683
OYO 16688 Hotel Vrs Suite,2012
OYO 16688 Hotel Vrs Suite,2228
OYO 16688 Hotel Vrs Suite,2078
OYO 16688 Hotel Vrs Suite,2524
OYO 16688 Hotel Vrs Suite,2704
OYO 16688 Hotel Vrs Suite,2260
OYO 16688 Hotel Vrs Suite,3165
OYO 16688 Hotel Vrs Suite,3001
OYO 16688 Hotel Vrs Suite,3165
OYO 16688 Hotel Vrs Suite,2333
OYO 16688 Hotel Vrs Suite,2404
OYO 16688 Hotel Vrs Suite,2800
OYO 16688 Hotel Vrs Suite,2110
OYO 16688 Hotel Vrs Suite,2581
OYO 16688 Hotel Vrs Suite,2110
OYO 16688 Hotel Vrs Suite,2645
OYO 16688 Hotel Vrs Suite,2645
OYO 16688 Hotel Vrs Suite,2683
OYO 45652 Grand Oyster Homestay,2012
OYO 45652 Grand Oyster Homestay,2228
OYO 45652 Grand Oyster Homestay,2078
OYO 45652 Grand Oyster Homestay,2524
OYO 45652 Grand Oyster Homestay,2704
OYO 45652 Grand Oyster Homestay,2260
OYO 45652 Grand Oyster Homestay,3165
OYO 45652 Grand Oyster Homestay,3001
OYO 45652 Grand Oyster Homestay,3165
OYO 45652 Grand Oyster Homestay,2333
OYO 45652 Grand Oyster Homestay,2404
OYO 45652 Grand Oyster Homestay,2800
OYO 45652 Grand Oyster Homestay,2110
OYO 45652 Grand Oyster Homestay,2581
OYO 45652 Grand Oyster Homestay,2110
OYO 45652 Grand Oyster Homestay,2645
OYO 45652 Grand Oyster Homestay,2645
OYO 45652 Grand Oyster Homestay,2683
OYO 41950 Gazelle Studios Suite,2012
OYO 41950 Gazelle Studios Suite,2228
OYO 41950 Gazelle Studios Suite,2078
OYO 41950 Gazelle Studios Suite,2524
OYO 41950 Gazelle Studios Suite,2704
OYO 41950 Gazelle Studios Suite,2260
OYO 41950 Gazelle Studios Suite,3165
OYO 41950 Gazelle Studios Suite,3001
OYO 41950 Gazelle Studios Suite,3165
OYO 41950 Gazelle Studios Suite,2333
OYO 41950 Gazelle Studios Suite,2404
OYO 41950 Gazelle Studios Suite,2800
OYO 41950 Gazelle Studios Suite,2110
OYO 41950 Gazelle Studios Suite,2581
OYO 41950 Gazelle Studios Suite,2110
OYO 41950 Gazelle Studios Suite,2645
OYO 41950 Gazelle Studios Suite,2645
OYO 41950 Gazelle Studios Suite,2683
OYO 15418 D'amore Resorts,2012
OYO 15418 D'amore Resorts,2228
OYO 15418 D'amore Resorts,2078
OYO 15418 D'amore Resorts,2524
OYO 15418 D'amore Resorts,2704
OYO 15418 D'amore Resorts,2260
OYO 15418 D'amore Resorts,3165
OYO 15418 D'amore Resorts,3001
OYO 15418 D'amore Resorts,3165
OYO 15418 D'amore Resorts,2333
OYO 15418 D'amore Resorts,2404
OYO 15418 D'amore Resorts,2800
OYO 15418 D'amore Resorts,2110
OYO 15418 D'amore Resorts,2581
OYO 15418 D'amore Resorts,2110
OYO 15418 D'amore Resorts,2645
OYO 15418 D'amore Resorts,2645
OYO 15418 D'amore Resorts,2683
OYO Home 16133 2BHK Luxury Farmhouse,2012
OYO Home 16133 2BHK Luxury Farmhouse,2228
OYO Home 16133 2BHK Luxury Farmhouse,2078
OYO Home 16133 2BHK Luxury Farmhouse,2524
OYO Home 16133 2BHK Luxury Farmhouse,2704
OYO Home 16133 2BHK Luxury Farmhouse,2260
OYO Home 16133 2BHK Luxury Farmhouse,3165
OYO Home 16133 2BHK Luxury Farmhouse,3001
OYO Home 16133 2BHK Luxury Farmhouse,3165
OYO Home 16133 2BHK Luxury Farmhouse,2333
OYO Home 16133 2BHK Luxury Farmhouse,2404
OYO Home 16133 2BHK Luxury Farmhouse,2800
OYO Home 16133 2BHK Luxury Farmhouse,2110
OYO Home 16133 2BHK Luxury Farmhouse,2581
OYO Home 16133 2BHK Luxury Farmhouse,2110
OYO Home 16133 2BHK Luxury Farmhouse,2645
OYO Home 16133 2BHK Luxury Farmhouse,2645
OYO Home 16133 2BHK Luxury Farmhouse,2683
OYO 29376 Hotel Red Diamond Saver,2012
OYO 29376 Hotel Red Diamond Saver,2228
OYO 29376 Hotel Red Diamond Saver,2078
OYO 29376 Hotel Red Diamond Saver,2524
OYO 29376 Hotel Red Diamond Saver,2704
OYO 29376 Hotel Red Diamond Saver,2260
OYO 29376 Hotel Red Diamond Saver,3165
OYO 29376 Hotel Red Diamond Saver,3001
OYO 29376 Hotel Red Diamond Saver,3165
OYO 29376 Hotel Red Diamond Saver,2333
OYO 29376 Hotel Red Diamond Saver,2404
OYO 29376 Hotel Red Diamond Saver,2800
OYO 29376 Hotel Red Diamond Saver,2110
OYO 29376 Hotel Red Diamond Saver,2581
OYO 29376 Hotel Red Diamond Saver,2110
OYO 29376 Hotel Red Diamond Saver,2645
OYO 29376 Hotel Red Diamond Saver,2645
OYO 29376 Hotel Red Diamond Saver,2683
OYO Townhouse 017 Huda City Center,2012
OYO Townhouse 017 Huda City Center,2228
OYO Townhouse 017 Huda City Center,2078
OYO Townhouse 017 Huda City Center,2524
OYO Townhouse 017 Huda City Center,2704
OYO Townhouse 017 Huda City Center,2260
OYO Townhouse 017 Huda City Center,3165
OYO Townhouse 017 Huda City Center,3001
OYO Townhouse 017 Huda City Center,3165
OYO Townhouse 017 Huda City Center,2333
OYO Townhouse 017 Huda City Center,2404
OYO Townhouse 017 Huda City Center,2800
OYO Townhouse 017 Huda City Center,2110
OYO Townhouse 017 Huda City Center,2581
OYO Townhouse 017 Huda City Center,2110
OYO Townhouse 017 Huda City Center,2645
OYO Townhouse 017 Huda City Center,2645
OYO Townhouse 017 Huda City Center,2683
